Name,Study,BrainRegion,Method,Direction,GeneCount,SampleCount,ComparisonRegion,Order,xLocation,WhereDidListComeFrom
Satoh2014_Alzheimers:downAD in brain,Satoh et al 2014,FC,RNA-Seq,Down,445,7|8,TCx,1,0.95,Supplementary Table 1
Satoh2014_Alzheimers:upAD in brain,Satoh et al 2014,FC,RNA-Seq,Up,43,7|8,TCx,1,1.05,Supplementary Table 1
Allen2016_Alzheimers: downAD in TCx,Allen et al 2016,TCx,RNA-Seq,Down,748,80|84,TCx,2,1.95,"Table on AMP-AD (syn6090802), simple covariates (q<0.01, beta>0.5)"
Allen2016_Alzheimers: upAD in TCx,Allen et al 2016,TCx,RNA-Seq,Up,1087,80|84,TCx,2,2.05,"Table on AMP-AD (syn6090802), simple covariates (q<0.01, beta>0.5)"
Webster_Alzheimers: downAD in FC,Webster et al 2009,FC,Microarray,Down,367,31|37,TCx,3,2.95,"T-test, q<0.000001 in GSE15222"
Webster_Alzheimers: upAD in FC,Webster et al 2009,FC,Microarray,Up,247,31|37,TCx,3,3.05,"T-test, q<0.000001 in GSE15222"
Miller_Alzheimers: downAD in CA1,Miller et al 2013,CA1,Microarray,Down,344,16|16,HIP,4,3.95,Table S2
Miller_Alzheimers: upAD in CA1,Miller et al 2013,CA1,Microarray,Up,512,16|16,HIP,4,4.05,Table S2
Colangelo_Alzheimers:downAD in CA1,Colangelo et al 2002,CA1,Microarray,Down,11,6|6,HIP,5,4.95,Table II
Colangelo_Alzheimers:upAD in CA1,Colangelo et al 2002,CA1,Microarray,Up,16,6|6,HIP,5,5.05,Table II
DownWithAlzheimers_Blalock__ADvsCT_inCA1,Blalock et al 2004,CA1,Microarray,Down,1295,8|21,HIP,6,5.95,"""userListEnrichment"" R function"
UpWithAlzheimers_Blalock__ADvsCT_inCA1,Blalock et al 2004,CA1,Microarray,Up,872,8|21,HIP,6,6.05,"""userListEnrichment"" R function"
Zhang_Alzheimers: Neg. cor. w/ Braak stage in PFC,Zhang et al 2013,PFC,Microarray,Down,1398,101|129,TCx,7,6.95,"Table S1, ""Braak stage correlation"", R < -0.50"
Zhang_Alzheimers: Pos. cor. w/ Braak stage in PFC,Zhang et al 2013,PFC,Microarray,Up,1020,101|129,TCx,7,7.05,"Table S1, ""Braak stage correlation"", R > 0.50"
Webster_Alzheimers: downAD in TC,Webster et al 2009,TC,Microarray,Down,1271,130|102,TCx,8,7.95,"T-test, q<0.000001 in GSE15222"
Webster_Alzheimers: upAD in TC,Webster et al 2009,TC,Microarray,Up,835,130|102,TCx,8,8.05,"T-test, q<0.000001 in GSE15222"
Avramopoulos2011_Alzheimers: downAD in SupTL,Avramopoulos et al 2011,Sup. TL,RNA-Seq,Down,421,22|23,TCx,9,8.95,Supplementary Table 2 (FDR p<0.05)
Avramopoulos2011_Alzheimers: upAD in SupTL,Avramopoulos et al 2011,Sup. TL,RNA-Seq,Up,443,22|23,TCx,9,9.05,Supplementary Table 2 (FDR p<0.05)
Miller_Alzheimers: downAD in CA3,Miller et al 2013,CA3,Microarray,Down,167,16|15,HIP,10,9.95,Table S2
Miller_Alzheimers: upAD in CA3,Miller et al 2013,CA3,Microarray,Up,362,16|15,HIP,10,10.05,Table S2
DownWithAlzheimers_Liang_MTG,Liang et al 2008,MTG,Microarray,Down,2274,12|16,TCx,11,10.95,"Supplemental material (T-test, FDR-corrected p<0.01)"
UpWithAlzheimers_Liang_MTG,Liang et al 2008,MTG,Microarray,Up,2724,12|16,TCx,11,11.05,"Supplemental material (T-test, FDR-corrected p<0.01)"
DownWithAlzheimers_Liang_HIP,Liang et al 2008,HIP,Microarray,Down,2169,13|10,HIP,12,11.95,"Supplemental material (T-test, FDR-corrected p<0.01)"
UpWithAlzheimers_Liang_HIP,Liang et al 2008,HIP,Microarray,Up,1381,13|10,HIP,12,12.05,"Supplemental material (T-test, FDR-corrected p<0.01)"
Zhang_Alzheimers: Neg. cor. w/ Braak stage in CB,Zhang et al 2013,CB,Microarray,Down,414,101|129,TCx,13,12.95,"Table S1, ""Braak stage correlation"", R < -0.50"
Zhang_Alzheimers: Pos. cor. w/ Braak stage in CB,Zhang et al 2013,CB,Microarray,Up,375,101|129,TCx,13,13.05,"Table S1, ""Braak stage correlation"", R > 0.50"
