Sample,DiseaseState,MMSE,NFT,Age,Sex
AD_C1,Control,26,7,80,M
AD_C2,Control,26,2,92,F
AD_C3,Control,26,0.4,80,M
AD_C4,Control,29,0.4,75,M
AD_C5,Control,29,4.8,97,F
AD_C6,Control,28,0,95,M
AD_C7,Control,28,0.3,77,M
AD_C8,Control,27,1.3,87,M
AD_I1,Incipient,24,5.5,88,M
AD_I2,Incipient,25,7.2,91,F
AD_I3,Incipient,20,17.4,88,M
AD_I4,Incipient,21,8,97,F
AD_I5,Incipient,25,65.8,101,F
AD_I6,Incipient,26,6.4,83,F
AD_M1,Moderate,18,15.8,79,F
AD_M2,Moderate,17,30.6,81,M
AD_M3,Moderate,15,13.8,86,F
AD_M4,Moderate,14,26.5,82,M
AD_M5,Moderate,18,35.2,85,F
AD_M6,Moderate,15,19,89,F
AD_M7,Moderate,17,42,83,F
AD_M8,Moderate,18,18,82,F
AD_S1,Severe,7,21.5,93,F
AD_S2,Severe,4,21,85,M
AD_S3,Severe,5,58.2,65,F
AD_S4,Severe,11,18.5,79,F
AD_S5,Severe,2,22.6,94,F
AD_S6,Severe,2,24.6,79,F
