Gene,CellType,Region
1700019G17RIK,Astrocyte,Cortex
C2orf72,Astrocyte,Cortex
AASS,Astrocyte,Cortex
ABHD3,Astrocyte,Cortex
ACAA2,Astrocyte,Cortex
ACSBG1,Astrocyte,Cortex
ACSL6,Astrocyte,Cortex
ADD3,Astrocyte,Cortex
ADGRG1,Astrocyte,Cortex
ADHFE1,Astrocyte,Cortex
AGL,Astrocyte,Cortex
KIAA1161,Astrocyte,Cortex
ALDH1L1,Astrocyte,Cortex
ALDH6A1,Astrocyte,Cortex
AMOT,Astrocyte,Cortex
ANTXR1,Astrocyte,Cortex
AOX1,Astrocyte,Cortex
APPL2,Astrocyte,Cortex
AQP4,Astrocyte,Cortex
ATP1B2,Astrocyte,Cortex
AXL,Astrocyte,Cortex
BTBD17,Astrocyte,Cortex
CBS,Astrocyte,Cortex
CCDC80,Astrocyte,Cortex
CD38,Astrocyte,Cortex
CD44,Astrocyte,Cortex
CLDN10,Astrocyte,Cortex
CLU,Astrocyte,Cortex
CML1,Astrocyte,Cortex
COL4A5,Astrocyte,Cortex
CPQ,Astrocyte,Cortex
CROT,Astrocyte,Cortex
CTH,Astrocyte,Cortex
CYP2D6,Astrocyte,Cortex
CYP2J9,Astrocyte,Cortex
CYP4F12,Astrocyte,Cortex
CYP4F2,Astrocyte,Cortex
CYP7B1,Astrocyte,Cortex
CYR61,Astrocyte,Cortex
DDHD1,Astrocyte,Cortex
DENND4C,Astrocyte,Cortex
DTNA,Astrocyte,Cortex
EDNRB,Astrocyte,Cortex
EGFR,Astrocyte,Cortex
ELOVL2,Astrocyte,Cortex
ELOVL5,Astrocyte,Cortex
EMP2,Astrocyte,Cortex
ENTPD2,Astrocyte,Cortex
EPHX1,Astrocyte,Cortex
EVA1A,Astrocyte,Cortex
EZR,Astrocyte,Cortex
F3,Astrocyte,Cortex
FADS2,Astrocyte,Cortex
FAM181B,Astrocyte,Cortex
FGD6,Astrocyte,Cortex
FGFR3,Astrocyte,Cortex
FGFRL1,Astrocyte,Cortex
FJX1,Astrocyte,Cortex
FKBP10,Astrocyte,Cortex
FMO1,Astrocyte,Cortex
FXYD1,Astrocyte,Cortex
FZD2,Astrocyte,Cortex
FZD4,Astrocyte,Cortex
GABRG1,Astrocyte,Cortex
GAS1,Astrocyte,Cortex
GDF10,Astrocyte,Cortex
GHR,Astrocyte,Cortex
GLDC,Astrocyte,Cortex
GLI2,Astrocyte,Cortex
GLUD1,Astrocyte,Cortex
GPLD1,Astrocyte,Cortex
GPX8,Astrocyte,Cortex
GRIN2C,Astrocyte,Cortex
GSTM1,Astrocyte,Cortex
HACD2,Astrocyte,Cortex
HAPLN1,Astrocyte,Cortex
HSD11B1,Astrocyte,Cortex
IGDCC4,Astrocyte,Cortex
ITGA7,Astrocyte,Cortex
ITIH5,Astrocyte,Cortex
KIF1C,Astrocyte,Cortex
KLF15,Astrocyte,Cortex
LAMB2,Astrocyte,Cortex
LCAT,Astrocyte,Cortex
LGI4,Astrocyte,Cortex
LHX2,Astrocyte,Cortex
LMCD1,Astrocyte,Cortex
LPP,Astrocyte,Cortex
LRIG1,Astrocyte,Cortex
LRP4,Astrocyte,Cortex
METRN,Astrocyte,Cortex
MFGE8,Astrocyte,Cortex
MGST1,Astrocyte,Cortex
MLC1,Astrocyte,Cortex
MMP14,Astrocyte,Cortex
MSMO1,Astrocyte,Cortex
MYO10,Astrocyte,Cortex
MYO6,Astrocyte,Cortex
NAAA,Astrocyte,Cortex
NDP,Astrocyte,Cortex
NDRG2,Astrocyte,Cortex
NEAT1,Astrocyte,Cortex
NHSL1,Astrocyte,Cortex
NOTCH1,Astrocyte,Cortex
NRARP,Astrocyte,Cortex
NTRK2,Astrocyte,Cortex
NTSR2,Astrocyte,Cortex
OAF,Astrocyte,Cortex
OPLAH,Astrocyte,Cortex
PAPSS2,Astrocyte,Cortex
PAX6,Astrocyte,Cortex
PDGFRB,Astrocyte,Cortex
PDK4,Astrocyte,Cortex
PDZPH1,Astrocyte,Cortex
PHKA1,Astrocyte,Cortex
PHKG1,Astrocyte,Cortex
PLA2G7,Astrocyte,Cortex
PPARA,Astrocyte,Cortex
PPIC,Astrocyte,Cortex
PPP1R3C,Astrocyte,Cortex
PRDX6,Astrocyte,Cortex
PRKD1,Astrocyte,Cortex
PRODH,Astrocyte,Cortex
PTPN13,Astrocyte,Cortex
PTPRZ1,Astrocyte,Cortex
PYGB,Astrocyte,Cortex
RDH5,Astrocyte,Cortex
RETSAT,Astrocyte,Cortex
RFTN2,Astrocyte,Cortex
RNFT1,Astrocyte,Cortex
S1PR1,Astrocyte,Cortex
SCARA3,Astrocyte,Cortex
SDC4,Astrocyte,Cortex
SELENBP1|SELENBP2,Astrocyte,Cortex
SELENBP2|SELENBP1,Astrocyte,Cortex
SERHL2,Astrocyte,Cortex
SLC12A4,Astrocyte,Cortex
SLC14A1,Astrocyte,Cortex
SLC15A2,Astrocyte,Cortex
SLC1A2,Astrocyte,Cortex
SLC1A3,Astrocyte,Cortex
SLC38A3,Astrocyte,Cortex
SLC41A1,Astrocyte,Cortex
SLC4A4,Astrocyte,Cortex
SLC7A10,Astrocyte,Cortex
SLCO1C1,Astrocyte,Cortex
SMO,Astrocyte,Cortex
SMPD2,Astrocyte,Cortex
SMPDL3A,Astrocyte,Cortex
SOAT1,Astrocyte,Cortex
SORCS2,Astrocyte,Cortex
SOX21,Astrocyte,Cortex
SOX9,Astrocyte,Cortex
SREBF1,Astrocyte,Cortex
SUCLG2,Astrocyte,Cortex
TFCP2L1,Astrocyte,Cortex
TGFB2,Astrocyte,Cortex
TLCD1,Astrocyte,Cortex
TMEM51,Astrocyte,Cortex
TNFRSF19,Astrocyte,Cortex
TRIL,Astrocyte,Cortex
TRPS1,Astrocyte,Cortex
TTPA,Astrocyte,Cortex
VAV3,Astrocyte,Cortex
VCAM1,Astrocyte,Cortex
VCL,Astrocyte,Cortex
WNT7A,Astrocyte,Cortex
ADAMTS15,GabaPV,Cortex
ANK1,GabaPV,Cortex
COX6A2,GabaPV,Cortex
PIP5KL1,GabaPV,Cortex
PVALB,GabaPV,Cortex
TAC1,GabaPV,Cortex
CALB2,GabaRelnCalb,Cortex
NNMT,GabaRelnCalb,Cortex
NPPC,GabaRelnCalb,Cortex
TRPC6,GabaRelnCalb,Cortex
CPLX3,GabaVIPReln,Cortex
HTR3A,GabaVIPReln,Cortex
KIT,GabaVIPReln,Cortex
PNOC,GabaVIPReln,Cortex
PVRL3,GabaVIPReln,Cortex
SLN,GabaVIPReln,Cortex
SNCG,GabaVIPReln,Cortex
SORCS3,GabaVIPReln,Cortex
TAC3,GabaVIPReln,Cortex
VIP,GabaVIPReln,Cortex
WNT5A,GabaVIPReln,Cortex
C4orf19,Microglia,Cortex
C15orf39,Microglia,Cortex
ABHD15,Microglia,Cortex
ADAP2,Microglia,Cortex
ADGRE1,Microglia,Cortex
AF251705,Microglia,Cortex
AKNA,Microglia,Cortex
ALAS2,Microglia,Cortex
ALOX5AP,Microglia,Cortex
ANKRD44,Microglia,Cortex
ARRB2,Microglia,Cortex
AW112010,Microglia,Cortex
B2M,Microglia,Cortex
C1orf54,Microglia,Cortex
BCL2A1A|BCL2A1D|BCL2A1B,Microglia,Cortex
BTG2,Microglia,Cortex
C1QC,Microglia,Cortex
C3AR1,Microglia,Cortex
CASP1,Microglia,Cortex
CASP8,Microglia,Cortex
CCL3,Microglia,Cortex
CCL6,Microglia,Cortex
CCRL2,Microglia,Cortex
CD37,Microglia,Cortex
CD52,Microglia,Cortex
CD68,Microglia,Cortex
CEACAM1|CEACAM2,Microglia,Cortex
CEACAM2|CEACAM1,Microglia,Cortex
CFH,Microglia,Cortex
CFLAR,Microglia,Cortex
CHIL3,Microglia,Cortex
CHIL3|CHIL4,Microglia,Cortex
CKLF,Microglia,Cortex
CLEC4A2|CLEC4B1,Microglia,Cortex
CLEC5A,Microglia,Cortex
CLIC1,Microglia,Cortex
CR1L,Microglia,Cortex
CREG1,Microglia,Cortex
CRYBB1,Microglia,Cortex
CTSA,Microglia,Cortex
CTSH,Microglia,Cortex
CTSS,Microglia,Cortex
CTSZ,Microglia,Cortex
CTTNBP2NL,Microglia,Cortex
CYBA,Microglia,Cortex
CYSLTR1,Microglia,Cortex
FAM91A1,Microglia,Cortex
D17H6S56E-5,Microglia,Cortex
DAPP1,Microglia,Cortex
DNAJB1,Microglia,Cortex
DOCK2,Microglia,Cortex
DUSP1,Microglia,Cortex
EBI3,Microglia,Cortex
EHD4,Microglia,Cortex
ENTPD1,Microglia,Cortex
ERAP1,Microglia,Cortex
F11R,Microglia,Cortex
FCGR1A,Microglia,Cortex
FCRL1,Microglia,Cortex
FCRLS,Microglia,Cortex
FERMT3,Microglia,Cortex
FES,Microglia,Cortex
FKBP7,Microglia,Cortex
FYB,Microglia,Cortex
GCNT1,Microglia,Cortex
GGTA1P,Microglia,Cortex
GMFG,Microglia,Cortex
GMIP,Microglia,Cortex
GPSM3,Microglia,Cortex
GRN,Microglia,Cortex
GUSB,Microglia,Cortex
HLA-DQB1,Microglia,Cortex
H2-D1|H2-K1,Microglia,Cortex
HLA-C,Microglia,Cortex
H2-L|H2-D1,Microglia,Cortex
HLA-DOA,Microglia,Cortex
H2-Q7|H2-K1|H2-Q9,Microglia,Cortex
H2-Q7|H2-Q9,Microglia,Cortex
HAVCR2,Microglia,Cortex
HBA-A1|HBA-A2,Microglia,Cortex
HBA-A2|HBA-A1,Microglia,Cortex
HBB-B2|HBB-BT|HBB-B1|HBB-BS,Microglia,Cortex
HCLS1,Microglia,Cortex
HERPUD1,Microglia,Cortex
HK2,Microglia,Cortex
HMHA1,Microglia,Cortex
HP,Microglia,Cortex
IER2,Microglia,Cortex
IFNGR1,Microglia,Cortex
IGSF6,Microglia,Cortex
IL13RA1,Microglia,Cortex
IL21R,Microglia,Cortex
IL6R,Microglia,Cortex
IL7R,Microglia,Cortex
IRF5,Microglia,Cortex
IRGM2,Microglia,Cortex
ITGB2,Microglia,Cortex
JUNB,Microglia,Cortex
KLF2,Microglia,Cortex
KLF6,Microglia,Cortex
LAG3,Microglia,Cortex
LCP1,Microglia,Cortex
LGALS3,Microglia,Cortex
LGALS9,Microglia,Cortex
LILRB4|GP49A,Microglia,Cortex
LY86,Microglia,Cortex
LY96,Microglia,Cortex
LYN,Microglia,Cortex
LYZ2|LYZ1,Microglia,Cortex
MAP3K1,Microglia,Cortex
MIR692-2|MIR692-3|FTL1,Microglia,Cortex
MLXIPL,Microglia,Cortex
MORC3,Microglia,Cortex
MRC1,Microglia,Cortex
MSN,Microglia,Cortex
MYH9,Microglia,Cortex
MYO1B,Microglia,Cortex
NAIP2,Microglia,Cortex
NAIP5,Microglia,Cortex
NCKAP1L,Microglia,Cortex
NRROS,Microglia,Cortex
PALD1,Microglia,Cortex
PDGFB,Microglia,Cortex
PF4,Microglia,Cortex
PHYHD1,Microglia,Cortex
PLA2G15,Microglia,Cortex
PLA2G4A,Microglia,Cortex
PLCG2,Microglia,Cortex
PLEKHO1,Microglia,Cortex
PLXDC2,Microglia,Cortex
PON3,Microglia,Cortex
PPP1R15A,Microglia,Cortex
PROS1,Microglia,Cortex
PTBP3,Microglia,Cortex
PTGR1,Microglia,Cortex
PTGS1,Microglia,Cortex
PTPRC,Microglia,Cortex
RASSF5,Microglia,Cortex
RBM39,Microglia,Cortex
RCSD1,Microglia,Cortex
REL,Microglia,Cortex
RGS1,Microglia,Cortex
RGS19,Microglia,Cortex
RIN2,Microglia,Cortex
RNASE4,Microglia,Cortex
RNASET2A|RNASET2B,Microglia,Cortex
SASH3,Microglia,Cortex
SERINC3,Microglia,Cortex
SFPQ,Microglia,Cortex
SH3GLB1,Microglia,Cortex
SIGLEC5,Microglia,Cortex
SIPA1,Microglia,Cortex
SKAP2,Microglia,Cortex
SLC11A1,Microglia,Cortex
SLC7A7,Microglia,Cortex
SNORD22,Microglia,Cortex
SPATA13,Microglia,Cortex
SPI1,Microglia,Cortex
SRSF7,Microglia,Cortex
STAB1,Microglia,Cortex
STAT6,Microglia,Cortex
TAPBP,Microglia,Cortex
TBXAS1,Microglia,Cortex
TCN2,Microglia,Cortex
TGFB1,Microglia,Cortex
TGFBR2,Microglia,Cortex
TLR1,Microglia,Cortex
TM6SF1,Microglia,Cortex
TMC6,Microglia,Cortex
TOR1AIP1,Microglia,Cortex
TOR4A,Microglia,Cortex
TRIM12A,Microglia,Cortex
TRIM30E-PS1|TRIM30D|TRIM30A,Microglia,Cortex
TRIM34,Microglia,Cortex
TYROBP,Microglia,Cortex
UGT1A1|UGT1A10|UGT1A7C|UGT1A9|UGT1A5|UGT1A6B|UGT1A2|UGT1A6A,Microglia,Cortex
UGT1A6B|UGT1A10|UGT1A5|UGT1A9|UGT1A7C|UGT1A1|UGT1A2|UGT1A6A,Microglia,Cortex
UGT1A6B|UGT1A6A|UGT1A1|UGT1A10|UGT1A5|UGT1A7C|UGT1A9|UGT1A2,Microglia,Cortex
VWA5A,Microglia,Cortex
XLR4B|XLR4C|XLR4A,Microglia,Cortex
ZFA-PS|ZFX,Microglia,Cortex
ZFHX3,Microglia,Cortex
ZFP869,Microglia,Cortex
ZFX|ZFA-PS,Microglia,Cortex
ZWINT,Microglia,Cortex
ATP7A,Microglia_activation,Cortex
B4GALT1,Microglia_activation,Cortex
BACH1,Microglia_activation,Cortex
BIRC3,Microglia_activation,Cortex
C1QA,Microglia_activation,Cortex
C1QB,Microglia_activation,Cortex
CASP4,Microglia_activation,Cortex
CCDC86,Microglia_activation,Cortex
CCL12,Microglia_activation,Cortex
CCL2,Microglia_activation,Cortex
CCL4,Microglia_activation,Cortex
CCL9,Microglia_activation,Cortex
CCR5,Microglia_activation,Cortex
CD14,Microglia_activation,Cortex
CD53,Microglia_activation,Cortex
CD83,Microglia_activation,Cortex
CD86,Microglia_activation,Cortex
CEBPB,Microglia_activation,Cortex
CEP152,Microglia_activation,Cortex
CHST7,Microglia_activation,Cortex
CSF2RB2,Microglia_activation,Cortex
CTLA2B,Microglia_activation,Cortex
CXCL10,Microglia_activation,Cortex
CXCL16,Microglia_activation,Cortex
CXCL2,Microglia_activation,Cortex
FCER1G,Microglia_activation,Cortex
FCGR2B,Microglia_activation,Cortex
FCGR2A,Microglia_activation,Cortex
FRRS1,Microglia_activation,Cortex
GAS5,Microglia_activation,Cortex
GBP7,Microglia_activation,Cortex
GLIPR1,Microglia_activation,Cortex
GPR84,Microglia_activation,Cortex
HCK,Microglia_activation,Cortex
HFE,Microglia_activation,Cortex
HLX,Microglia_activation,Cortex
ICAM1,Microglia_activation,Cortex
IER3,Microglia_activation,Cortex
IFI30,Microglia_activation,Cortex
IFI35,Microglia_activation,Cortex
IL17RA,Microglia_activation,Cortex
IL1A,Microglia_activation,Cortex
IL4R,Microglia_activation,Cortex
IL6,Microglia_activation,Cortex
IRF9,Microglia_activation,Cortex
ISG20,Microglia_activation,Cortex
JMJD1C,Microglia_activation,Cortex
LCP2,Microglia_activation,Cortex
LRRFIP1,Microglia_activation,Cortex
MAFF,Microglia_activation,Cortex
MAP3K8,Microglia_activation,Cortex
MCL1,Microglia_activation,Cortex
MLPH,Microglia_activation,Cortex
MLXIP,Microglia_activation,Cortex
MRC2,Microglia_activation,Cortex
MS4A6A,Microglia_activation,Cortex
MS4A6D,Microglia_activation,Cortex
MYD88,Microglia_activation,Cortex
NCF1C,Microglia_activation,Cortex
NCF2,Microglia_activation,Cortex
NCF4,Microglia_activation,Cortex
NFKBIE,Microglia_activation,Cortex
NFKBIZ,Microglia_activation,Cortex
NPL,Microglia_activation,Cortex
OSBPL11,Microglia_activation,Cortex
P2RY6,Microglia_activation,Cortex
PARP10,Microglia_activation,Cortex
PARP14,Microglia_activation,Cortex
PARP9,Microglia_activation,Cortex
PLEK,Microglia_activation,Cortex
PLK3,Microglia_activation,Cortex
PMAIP1,Microglia_activation,Cortex
PTBP1,Microglia_activation,Cortex
RAB20,Microglia_activation,Cortex
RBM26,Microglia_activation,Cortex
RELA,Microglia_activation,Cortex
RHOH,Microglia_activation,Cortex
RIPK1,Microglia_activation,Cortex
RNASEL,Microglia_activation,Cortex
RNF19B,Microglia_activation,Cortex
RRAD,Microglia_activation,Cortex
RUNX1,Microglia_activation,Cortex
SALL3,Microglia_activation,Cortex
SAMSN1,Microglia_activation,Cortex
SERPINE1,Microglia_activation,Cortex
SH2B2,Microglia_activation,Cortex
SLC15A3,Microglia_activation,Cortex
SLC39A8,Microglia_activation,Cortex
SMAGP,Microglia_activation,Cortex
SNX18,Microglia_activation,Cortex
SOCS3,Microglia_activation,Cortex
SPINT1,Microglia_activation,Cortex
SQRDL,Microglia_activation,Cortex
SYK,Microglia_activation,Cortex
TAP1,Microglia_activation,Cortex
TGM2,Microglia_activation,Cortex
TLR2,Microglia_activation,Cortex
TLR6,Microglia_activation,Cortex
TLR7,Microglia_activation,Cortex
TMEM173,Microglia_activation,Cortex
TNFAIP2,Microglia_activation,Cortex
TPP2,Microglia_activation,Cortex
TRIM30A,Microglia_activation,Cortex
TSC22D3,Microglia_activation,Cortex
TSPO,Microglia_activation,Cortex
TUBB6,Microglia_activation,Cortex
VASP,Microglia_activation,Cortex
VAV1,Microglia_activation,Cortex
ZFP36,Microglia_activation,Cortex
C12orf35,Oligodendrocyte,Cortex
C10orf54,Oligodendrocyte,Cortex
ABCC3,Oligodendrocyte,Cortex
ADRB1,Oligodendrocyte,Cortex
ADRB2,Oligodendrocyte,Cortex
ADRBK1,Oligodendrocyte,Cortex
AFP,Oligodendrocyte,Cortex
AIF1,Oligodendrocyte,Cortex
ANG,Oligodendrocyte,Cortex
ARAP3,Oligodendrocyte,Cortex
ARHGAP17,Oligodendrocyte,Cortex
ARHGAP4,Oligodendrocyte,Cortex
ARHGAP9,Oligodendrocyte,Cortex
ATF3,Oligodendrocyte,Cortex
BATF3,Oligodendrocyte,Cortex
BLNK,Oligodendrocyte,Cortex
BTK,Oligodendrocyte,Cortex
CALHM2,Oligodendrocyte,Cortex
CAMP,Oligodendrocyte,Cortex
CAPN3,Oligodendrocyte,Cortex
CD177,Oligodendrocyte,Cortex
CD2AP,Oligodendrocyte,Cortex
CD300A,Oligodendrocyte,Cortex
CD33,Oligodendrocyte,Cortex
CD48,Oligodendrocyte,Cortex
CD79B,Oligodendrocyte,Cortex
CEBPA,Oligodendrocyte,Cortex
CLEC4A,Oligodendrocyte,Cortex
CLEC7A,Oligodendrocyte,Cortex
CLN5,Oligodendrocyte,Cortex
CMTM6,Oligodendrocyte,Cortex
CMTM7,Oligodendrocyte,Cortex
CSF1R,Oligodendrocyte,Cortex
CSF3R,Oligodendrocyte,Cortex
CTC1,Oligodendrocyte,Cortex
CX3CR1,Oligodendrocyte,Cortex
CYTIP,Oligodendrocyte,Cortex
DAGLB,Oligodendrocyte,Cortex
DOCK8,Oligodendrocyte,Cortex
DOK1,Oligodendrocyte,Cortex
EBF3,Oligodendrocyte,Cortex
EDEM1,Oligodendrocyte,Cortex
ELF1,Oligodendrocyte,Cortex
ELK3,Oligodendrocyte,Cortex
ETS1,Oligodendrocyte,Cortex
FAM105A,Oligodendrocyte,Cortex
FAM111A,Oligodendrocyte,Cortex
FGD2,Oligodendrocyte,Cortex
FLI1,Oligodendrocyte,Cortex
FMNL3,Oligodendrocyte,Cortex
FOSB,Oligodendrocyte,Cortex
GIMAP6,Oligodendrocyte,Cortex
GNA15,Oligodendrocyte,Cortex
GPR34,Oligodendrocyte,Cortex
HLA-DQA1,Oligodendrocyte,Cortex
HLA-DMA,Oligodendrocyte,Cortex
HLA-G,Oligodendrocyte,Cortex
HEXB,Oligodendrocyte,Cortex
HHEX,Oligodendrocyte,Cortex
HPGD,Oligodendrocyte,Cortex
HPGDS,Oligodendrocyte,Cortex
HPS3,Oligodendrocyte,Cortex
HSPA1A,Oligodendrocyte,Cortex
HVCN1,Oligodendrocyte,Cortex
IFITM6,Oligodendrocyte,Cortex
IL10RA,Oligodendrocyte,Cortex
IL10RB,Oligodendrocyte,Cortex
IL16,Oligodendrocyte,Cortex
INPP5D,Oligodendrocyte,Cortex
IRF8,Oligodendrocyte,Cortex
KLK8,Oligodendrocyte,Cortex
LAIR1,Oligodendrocyte,Cortex
LAPTM5,Oligodendrocyte,Cortex
LCN2,Oligodendrocyte,Cortex
LGMN,Oligodendrocyte,Cortex
LMO2,Oligodendrocyte,Cortex
LPXN,Oligodendrocyte,Cortex
LRBA,Oligodendrocyte,Cortex
LRMP,Oligodendrocyte,Cortex
LRRK1,Oligodendrocyte,Cortex
LTF,Oligodendrocyte,Cortex
LYL1,Oligodendrocyte,Cortex
LYZ1,Oligodendrocyte,Cortex
MAN2B1,Oligodendrocyte,Cortex
MCM3,Oligodendrocyte,Cortex
MFNG,Oligodendrocyte,Cortex
MMP2,Oligodendrocyte,Cortex
MPEG1,Oligodendrocyte,Cortex
MYLIP,Oligodendrocyte,Cortex
MYO1G,Oligodendrocyte,Cortex
NAALAD2,Oligodendrocyte,Cortex
NAGLU,Oligodendrocyte,Cortex
NFAM1,Oligodendrocyte,Cortex
NGP,Oligodendrocyte,Cortex
OLFML3,Oligodendrocyte,Cortex
P2RY12,Oligodendrocyte,Cortex
PARVG,Oligodendrocyte,Cortex
PIK3CG,Oligodendrocyte,Cortex
PLD1,Oligodendrocyte,Cortex
PLD4,Oligodendrocyte,Cortex
PLXNB2,Oligodendrocyte,Cortex
PMEPA1,Oligodendrocyte,Cortex
PNRC1,Oligodendrocyte,Cortex
PPFIA4,Oligodendrocyte,Cortex
PRKCD,Oligodendrocyte,Cortex
PSMB9,Oligodendrocyte,Cortex
PTPN18,Oligodendrocyte,Cortex
PTPN6,Oligodendrocyte,Cortex
PYCARD,Oligodendrocyte,Cortex
PYGL,Oligodendrocyte,Cortex
RASA4,Oligodendrocyte,Cortex
RBL1,Oligodendrocyte,Cortex
RGL1,Oligodendrocyte,Cortex
RGS2,Oligodendrocyte,Cortex
RPS6KA1,Oligodendrocyte,Cortex
RREB1,Oligodendrocyte,Cortex
S100A8,Oligodendrocyte,Cortex
S100A9,Oligodendrocyte,Cortex
SAMHD1,Oligodendrocyte,Cortex
SCAMP2,Oligodendrocyte,Cortex
SELPLG,Oligodendrocyte,Cortex
SLAMF9,Oligodendrocyte,Cortex
SLC15A4,Oligodendrocyte,Cortex
SLC16A6,Oligodendrocyte,Cortex
SLC25A37,Oligodendrocyte,Cortex
SLC37A2,Oligodendrocyte,Cortex
SLC40A1,Oligodendrocyte,Cortex
SLC46A1,Oligodendrocyte,Cortex
SNX20,Oligodendrocyte,Cortex
SNX5,Oligodendrocyte,Cortex
SRPK3,Oligodendrocyte,Cortex
ST3GAL6,Oligodendrocyte,Cortex
TCIRG1,Oligodendrocyte,Cortex
TEC,Oligodendrocyte,Cortex
TGFBI,Oligodendrocyte,Cortex
TGFBR1,Oligodendrocyte,Cortex
TGIF1,Oligodendrocyte,Cortex
THEMIS2,Oligodendrocyte,Cortex
TIFA,Oligodendrocyte,Cortex
TLR4,Oligodendrocyte,Cortex
TMCC3,Oligodendrocyte,Cortex
TMEM119,Oligodendrocyte,Cortex
TMEM140,Oligodendrocyte,Cortex
TNFRSF1B,Oligodendrocyte,Cortex
TNFSF13B,Oligodendrocyte,Cortex
TRAM1,Oligodendrocyte,Cortex
TREM2,Oligodendrocyte,Cortex
TRIM47,Oligodendrocyte,Cortex
UBA7,Oligodendrocyte,Cortex
UNC93B1,Oligodendrocyte,Cortex
VRK2,Oligodendrocyte,Cortex
ZBTB44,Oligodendrocyte,Cortex
GDA,Pyramidal_Glt_25d2,Cortex
MYH7,Pyramidal_Glt_25d2,Cortex
NR4A2,Pyramidal_Glt_25d2,Cortex
SOWAHA,Pyramidal_Glt_25d2,Cortex
SOX17,Pyramidal_Glt_25d2,Cortex
TSEN15,Pyramidal_Glt_25d2,Cortex
CA4,Pyramidal_S100a10,Cortex
COCH,Pyramidal_S100a10,Cortex
CSRP2,Pyramidal_S100a10,Cortex
DKKL1,Pyramidal_S100a10,Cortex
MEDAG,Pyramidal_S100a10,Cortex
NNAT,Pyramidal_S100a10,Cortex
PERP,Pyramidal_S100a10,Cortex
PKIB,Pyramidal_S100a10,Cortex
SOCS2,Pyramidal_S100a10,Cortex
TNNC1,Pyramidal_S100a10,Cortex
ADCYAP1,Pyramidal_Thy1,Cortex
BDNF,Pyramidal_Thy1,Cortex
NPR3,Pyramidal_Thy1,Cortex
COL5A1,PyramidalCorticoThalam,Cortex
COL6A1,PyramidalCorticoThalam,Cortex
NTSR1,PyramidalCorticoThalam,Cortex
RAI14,PyramidalCorticoThalam,Cortex
RPRM,PyramidalCorticoThalam,Cortex
TBR1,PyramidalCorticoThalam,Cortex
1700019G17RIK,Astrocyte,Hippocampus
AASS,Astrocyte,Hippocampus
ABHD3,Astrocyte,Hippocampus
ACAA2,Astrocyte,Hippocampus
ACSBG1,Astrocyte,Hippocampus
ACSL6,Astrocyte,Hippocampus
ADGRG1,Astrocyte,Hippocampus
ADHFE1,Astrocyte,Hippocampus
KIAA1161,Astrocyte,Hippocampus
ALDH1L1,Astrocyte,Hippocampus
AMOT,Astrocyte,Hippocampus
ANTXR1,Astrocyte,Hippocampus
AOX1,Astrocyte,Hippocampus
AQP4,Astrocyte,Hippocampus
ATP1A2,Astrocyte,Hippocampus
ATP1B2,Astrocyte,Hippocampus
AXL,Astrocyte,Hippocampus
BCAR3,Astrocyte,Hippocampus
BTBD17,Astrocyte,Hippocampus
CBS,Astrocyte,Hippocampus
CCDC80,Astrocyte,Hippocampus
CD38,Astrocyte,Hippocampus
CD44,Astrocyte,Hippocampus
CHIL1,Astrocyte,Hippocampus
CLDN10,Astrocyte,Hippocampus
CLU,Astrocyte,Hippocampus
COL4A5,Astrocyte,Hippocampus
CPQ,Astrocyte,Hippocampus
CTH,Astrocyte,Hippocampus
CYP2D6,Astrocyte,Hippocampus
CYP2J9,Astrocyte,Hippocampus
CYP4F12,Astrocyte,Hippocampus
CYP4F2,Astrocyte,Hippocampus
CYR61,Astrocyte,Hippocampus
DDHD1,Astrocyte,Hippocampus
DIO2,Astrocyte,Hippocampus
DTNA,Astrocyte,Hippocampus
EGFR,Astrocyte,Hippocampus
ELOVL2,Astrocyte,Hippocampus
EMP2,Astrocyte,Hippocampus
ENTPD2,Astrocyte,Hippocampus
EPHX2,Astrocyte,Hippocampus
EVA1A,Astrocyte,Hippocampus
EZR,Astrocyte,Hippocampus
F3,Astrocyte,Hippocampus
FADS2,Astrocyte,Hippocampus
FGD6,Astrocyte,Hippocampus
FGF1,Astrocyte,Hippocampus
FGFR3,Astrocyte,Hippocampus
FGFRL1,Astrocyte,Hippocampus
FJX1,Astrocyte,Hippocampus
FKBP10,Astrocyte,Hippocampus
FMO1,Astrocyte,Hippocampus
FXYD1,Astrocyte,Hippocampus
FZD2,Astrocyte,Hippocampus
GABRG1,Astrocyte,Hippocampus
GDF10,Astrocyte,Hippocampus
GJB6,Astrocyte,Hippocampus
GLDC,Astrocyte,Hippocampus
GLI2,Astrocyte,Hippocampus
GLUD1,Astrocyte,Hippocampus
GPLD1,Astrocyte,Hippocampus
GRIN2C,Astrocyte,Hippocampus
HAPLN1,Astrocyte,Hippocampus
HSD11B1,Astrocyte,Hippocampus
IGDCC4,Astrocyte,Hippocampus
IGFBP2,Astrocyte,Hippocampus
ITGA7,Astrocyte,Hippocampus
ITIH5,Astrocyte,Hippocampus
KCNN2,Astrocyte,Hippocampus
KLF15,Astrocyte,Hippocampus
LAMB2,Astrocyte,Hippocampus
LCAT,Astrocyte,Hippocampus
LGI4,Astrocyte,Hippocampus
LHX2,Astrocyte,Hippocampus
LMCD1,Astrocyte,Hippocampus
LPP,Astrocyte,Hippocampus
LRIG1,Astrocyte,Hippocampus
LRP4,Astrocyte,Hippocampus
MFGE8,Astrocyte,Hippocampus
MLC1,Astrocyte,Hippocampus
MMP14,Astrocyte,Hippocampus
MYO10,Astrocyte,Hippocampus
MYO6,Astrocyte,Hippocampus
NDP,Astrocyte,Hippocampus
NOTCH1,Astrocyte,Hippocampus
NTRK2,Astrocyte,Hippocampus
NTSR2,Astrocyte,Hippocampus
OAF,Astrocyte,Hippocampus
OPLAH,Astrocyte,Hippocampus
PAPSS2,Astrocyte,Hippocampus
PAX6,Astrocyte,Hippocampus
PDGFRB,Astrocyte,Hippocampus
PDK4,Astrocyte,Hippocampus
PDZPH1,Astrocyte,Hippocampus
PHKA1,Astrocyte,Hippocampus
PHKG1,Astrocyte,Hippocampus
PLA2G7,Astrocyte,Hippocampus
PPARA,Astrocyte,Hippocampus
PPIC,Astrocyte,Hippocampus
PPP1R3C,Astrocyte,Hippocampus
PRELP,Astrocyte,Hippocampus
PRODH,Astrocyte,Hippocampus
PTPRZ1,Astrocyte,Hippocampus
PYGM,Astrocyte,Hippocampus
RDH5,Astrocyte,Hippocampus
RORB,Astrocyte,Hippocampus
S1PR1,Astrocyte,Hippocampus
SCARA3,Astrocyte,Hippocampus
SCG3,Astrocyte,Hippocampus
SDC4,Astrocyte,Hippocampus
SELENBP2|SELENBP1,Astrocyte,Hippocampus
SEMA4A,Astrocyte,Hippocampus
SERHL2,Astrocyte,Hippocampus
SLC12A4,Astrocyte,Hippocampus
SLC14A1,Astrocyte,Hippocampus
SLC15A2,Astrocyte,Hippocampus
SLC1A2,Astrocyte,Hippocampus
SLC1A3,Astrocyte,Hippocampus
SLC1A4,Astrocyte,Hippocampus
SLC38A3,Astrocyte,Hippocampus
SLC41A1,Astrocyte,Hippocampus
SLC7A10,Astrocyte,Hippocampus
SLCO1C1,Astrocyte,Hippocampus
SMPD2,Astrocyte,Hippocampus
SMPDL3A,Astrocyte,Hippocampus
SORCS2,Astrocyte,Hippocampus
SOX9,Astrocyte,Hippocampus
TFCP2L1,Astrocyte,Hippocampus
TLCD1,Astrocyte,Hippocampus
TMEM47,Astrocyte,Hippocampus
TMEM51,Astrocyte,Hippocampus
TNFRSF19,Astrocyte,Hippocampus
TRIL,Astrocyte,Hippocampus
TRPS1,Astrocyte,Hippocampus
TTPA,Astrocyte,Hippocampus
VCAM1,Astrocyte,Hippocampus
VEGFA,Astrocyte,Hippocampus
WWTR1,Astrocyte,Hippocampus
ANXA11,DentateGranule,Hippocampus
B3GALNT2,DentateGranule,Hippocampus
KIAA2022,DentateGranule,Hippocampus
CCDC71L,DentateGranule,Hippocampus
CDH9,DentateGranule,Hippocampus
CDHR1,DentateGranule,Hippocampus
DSG2,DentateGranule,Hippocampus
DSP,DentateGranule,Hippocampus
EHD1,DentateGranule,Hippocampus
EML5,DentateGranule,Hippocampus
EPHA7,DentateGranule,Hippocampus
FLYWCH2,DentateGranule,Hippocampus
LAMB1,DentateGranule,Hippocampus
LCT,DentateGranule,Hippocampus
LHX9,DentateGranule,Hippocampus
NEUROD1,DentateGranule,Hippocampus
NHSL2,DentateGranule,Hippocampus
NPNT,DentateGranule,Hippocampus
NPY2R,DentateGranule,Hippocampus
NPY5R,DentateGranule,Hippocampus
OGN,DentateGranule,Hippocampus
PGAM2,DentateGranule,Hippocampus
PTER,DentateGranule,Hippocampus
SPINT2,DentateGranule,Hippocampus
ST8SIA4,DentateGranule,Hippocampus
STX3,DentateGranule,Hippocampus
TANC1,DentateGranule,Hippocampus
TDO2,DentateGranule,Hippocampus
TIAM1,DentateGranule,Hippocampus
TRPC6,DentateGranule,Hippocampus
ACHE,GabaSSTReln,Hippocampus
ALK,GabaSSTReln,Hippocampus
CACNA2D2,GabaSSTReln,Hippocampus
CACNG2,GabaSSTReln,Hippocampus
CAMK1G,GabaSSTReln,Hippocampus
CDH13,GabaSSTReln,Hippocampus
CLSTN3,GabaSSTReln,Hippocampus
COL19A1,GabaSSTReln,Hippocampus
CORT,GabaSSTReln,Hippocampus
CYGB,GabaSSTReln,Hippocampus
DLX1,GabaSSTReln,Hippocampus
DLX1AS,GabaSSTReln,Hippocampus
ELAVL2,GabaSSTReln,Hippocampus
ENTPD4,GabaSSTReln,Hippocampus
FLYWCH1,GabaSSTReln,Hippocampus
GAD2,GabaSSTReln,Hippocampus
GNA14,GabaSSTReln,Hippocampus
GP5,GabaSSTReln,Hippocampus
GRPR,GabaSSTReln,Hippocampus
IGFBP4,GabaSSTReln,Hippocampus
IL34,GabaSSTReln,Hippocampus
KCNC1,GabaSSTReln,Hippocampus
KCNMB2,GabaSSTReln,Hippocampus
KLF5,GabaSSTReln,Hippocampus
LGALS1,GabaSSTReln,Hippocampus
LHX6,GabaSSTReln,Hippocampus
LYNX1,GabaSSTReln,Hippocampus
MOXD1,GabaSSTReln,Hippocampus
NEFH,GabaSSTReln,Hippocampus
NNMT,GabaSSTReln,Hippocampus
NPY,GabaSSTReln,Hippocampus
NXPH1,GabaSSTReln,Hippocampus
OLFM3,GabaSSTReln,Hippocampus
PAPPA,GabaSSTReln,Hippocampus
PCDH18,GabaSSTReln,Hippocampus
PCSK1,GabaSSTReln,Hippocampus
PNOC,GabaSSTReln,Hippocampus
POSTN,GabaSSTReln,Hippocampus
PTPRT,GabaSSTReln,Hippocampus
PVALB,GabaSSTReln,Hippocampus
RAB3B,GabaSSTReln,Hippocampus
RAMP3,GabaSSTReln,Hippocampus
RELN,GabaSSTReln,Hippocampus
RGS8,GabaSSTReln,Hippocampus
RPH3A,GabaSSTReln,Hippocampus
RPP25,GabaSSTReln,Hippocampus
SEZ6,GabaSSTReln,Hippocampus
SLC1A6,GabaSSTReln,Hippocampus
SLC27A2,GabaSSTReln,Hippocampus
SLC32A1,GabaSSTReln,Hippocampus
SLC38A1,GabaSSTReln,Hippocampus
SLC8A1,GabaSSTReln,Hippocampus
SOCS5,GabaSSTReln,Hippocampus
SST,GabaSSTReln,Hippocampus
SYNGR1,GabaSSTReln,Hippocampus
TENM1,GabaSSTReln,Hippocampus
C15orf39,Microglia,Hippocampus
ABHD15,Microglia,Hippocampus
ADAP2,Microglia,Hippocampus
ADGRE1,Microglia,Hippocampus
AF251705,Microglia,Hippocampus
AKNA,Microglia,Hippocampus
ALAS2,Microglia,Hippocampus
ALOX5AP,Microglia,Hippocampus
ANKRD44,Microglia,Hippocampus
ANXA3,Microglia,Hippocampus
ARRB2,Microglia,Hippocampus
AW112010,Microglia,Hippocampus
B2M,Microglia,Hippocampus
BCL2A1A|BCL2A1D|BCL2A1B,Microglia,Hippocampus
C1QC,Microglia,Hippocampus
C3AR1,Microglia,Hippocampus
C920025E04RIK|H2-T23,Microglia,Hippocampus
CASP1,Microglia,Hippocampus
CASP8,Microglia,Hippocampus
CCL3,Microglia,Hippocampus
CCL6,Microglia,Hippocampus
CCRL2,Microglia,Hippocampus
CD34,Microglia,Hippocampus
CD37,Microglia,Hippocampus
CD52,Microglia,Hippocampus
CD68,Microglia,Hippocampus
CEACAM1|CEACAM2,Microglia,Hippocampus
CEACAM2|CEACAM1,Microglia,Hippocampus
CFH,Microglia,Hippocampus
CHIL3,Microglia,Hippocampus
CHIL3|CHIL4,Microglia,Hippocampus
CLEC4A2|CLEC4B1,Microglia,Hippocampus
CLEC5A,Microglia,Hippocampus
CLIC1,Microglia,Hippocampus
CRYBB1,Microglia,Hippocampus
CTSH,Microglia,Hippocampus
CTSZ,Microglia,Hippocampus
CTTNBP2NL,Microglia,Hippocampus
CYBA,Microglia,Hippocampus
CYSLTR1,Microglia,Hippocampus
FAM91A1,Microglia,Hippocampus
D17H6S56E-5,Microglia,Hippocampus
DAPP1,Microglia,Hippocampus
DNAJB1,Microglia,Hippocampus
DOCK2,Microglia,Hippocampus
EBI3,Microglia,Hippocampus
EHBP1L1,Microglia,Hippocampus
EHD4,Microglia,Hippocampus
EMP3,Microglia,Hippocampus
ENTPD1,Microglia,Hippocampus
F11R,Microglia,Hippocampus
FCGR1A,Microglia,Hippocampus
FCRL1,Microglia,Hippocampus
FCRLS,Microglia,Hippocampus
FERMT3,Microglia,Hippocampus
FES,Microglia,Hippocampus
FYB,Microglia,Hippocampus
GCNT1,Microglia,Hippocampus
GGTA1P,Microglia,Hippocampus
GMFG,Microglia,Hippocampus
GMIP,Microglia,Hippocampus
GOLM1,Microglia,Hippocampus
GPSM3,Microglia,Hippocampus
GRN,Microglia,Hippocampus
GUSB,Microglia,Hippocampus
HLA-DQB1,Microglia,Hippocampus
H2-D1|H2-K1,Microglia,Hippocampus
HLA-C,Microglia,Hippocampus
H2-L|H2-D1,Microglia,Hippocampus
HLA-DOA,Microglia,Hippocampus
H2-Q7|H2-K1|H2-Q9,Microglia,Hippocampus
H2-Q7|H2-Q9,Microglia,Hippocampus
HAVCR2,Microglia,Hippocampus
HBA-A1|HBA-A2,Microglia,Hippocampus
HBA-A2|HBA-A1,Microglia,Hippocampus
HBB-B2|HBB-BT|HBB-B1|HBB-BS,Microglia,Hippocampus
HCLS1,Microglia,Hippocampus
HERPUD1,Microglia,Hippocampus
HK2,Microglia,Hippocampus
HMHA1,Microglia,Hippocampus
HP,Microglia,Hippocampus
IER5,Microglia,Hippocampus
IFNGR1,Microglia,Hippocampus
IGSF6,Microglia,Hippocampus
IL13RA1,Microglia,Hippocampus
IL21R,Microglia,Hippocampus
IL6R,Microglia,Hippocampus
IL7R,Microglia,Hippocampus
IRF5,Microglia,Hippocampus
IRGM2,Microglia,Hippocampus
ITGB2,Microglia,Hippocampus
JUNB,Microglia,Hippocampus
KLF2,Microglia,Hippocampus
KLF6,Microglia,Hippocampus
LAG3,Microglia,Hippocampus
LCP1,Microglia,Hippocampus
LGALS3,Microglia,Hippocampus
LGALS9,Microglia,Hippocampus
LILRB4|GP49A,Microglia,Hippocampus
LY86,Microglia,Hippocampus
LY96,Microglia,Hippocampus
LYN,Microglia,Hippocampus
LYZ2|LYZ1,Microglia,Hippocampus
MEF2A,Microglia,Hippocampus
MLXIPL,Microglia,Hippocampus
MRC1,Microglia,Hippocampus
MSN,Microglia,Hippocampus
MYH9,Microglia,Hippocampus
MYO1B,Microglia,Hippocampus
NAIP2,Microglia,Hippocampus
NAIP5,Microglia,Hippocampus
NCKAP1L,Microglia,Hippocampus
NRROS,Microglia,Hippocampus
PALD1,Microglia,Hippocampus
PDGFB,Microglia,Hippocampus
PF4,Microglia,Hippocampus
PHYHD1,Microglia,Hippocampus
PIK3CD,Microglia,Hippocampus
PLA2G15,Microglia,Hippocampus
PLCG2,Microglia,Hippocampus
PLEKHO1,Microglia,Hippocampus
PLXDC2,Microglia,Hippocampus
PON3,Microglia,Hippocampus
PPP1R15A,Microglia,Hippocampus
PROS1,Microglia,Hippocampus
PTBP3,Microglia,Hippocampus
PTGS1,Microglia,Hippocampus
PTPRC,Microglia,Hippocampus
RASSF5,Microglia,Hippocampus
RBM39,Microglia,Hippocampus
RCSD1,Microglia,Hippocampus
REL,Microglia,Hippocampus
RGS1,Microglia,Hippocampus
RGS19,Microglia,Hippocampus
RNASE4,Microglia,Hippocampus
RNASET2A|RNASET2B,Microglia,Hippocampus
S100A11,Microglia,Hippocampus
SASH3,Microglia,Hippocampus
SERINC3,Microglia,Hippocampus
SH3GLB1,Microglia,Hippocampus
SIGLEC5,Microglia,Hippocampus
SIPA1,Microglia,Hippocampus
SKAP2,Microglia,Hippocampus
SLC11A1,Microglia,Hippocampus
SLC7A7,Microglia,Hippocampus
SNORD22,Microglia,Hippocampus
SPI1,Microglia,Hippocampus
SRGAP2,Microglia,Hippocampus
SRSF7,Microglia,Hippocampus
STAB1,Microglia,Hippocampus
STAT6,Microglia,Hippocampus
TAPBP,Microglia,Hippocampus
TBXAS1,Microglia,Hippocampus
TCN2,Microglia,Hippocampus
TFPI,Microglia,Hippocampus
TGFB1,Microglia,Hippocampus
TGFBR2,Microglia,Hippocampus
TLR1,Microglia,Hippocampus
TM6SF1,Microglia,Hippocampus
TMC6,Microglia,Hippocampus
TOR4A,Microglia,Hippocampus
TRIM12A,Microglia,Hippocampus
TRIM30E-PS1|TRIM30D|TRIM30A,Microglia,Hippocampus
TRIM34,Microglia,Hippocampus
TRPV2,Microglia,Hippocampus
TYROBP,Microglia,Hippocampus
UGT1A1|UGT1A10|UGT1A7C|UGT1A9|UGT1A5|UGT1A6B|UGT1A2|UGT1A6A,Microglia,Hippocampus
UGT1A6B|UGT1A10|UGT1A5|UGT1A9|UGT1A7C|UGT1A1|UGT1A2|UGT1A6A,Microglia,Hippocampus
UGT1A6B|UGT1A6A|UGT1A1|UGT1A10|UGT1A5|UGT1A7C|UGT1A9|UGT1A2,Microglia,Hippocampus
XLR4B|XLR4C|XLR4A,Microglia,Hippocampus
ZFA-PS|ZFX,Microglia,Hippocampus
ZFHX3,Microglia,Hippocampus
ZFP90,Microglia,Hippocampus
ZFX|ZFA-PS,Microglia,Hippocampus
ATP7A,Microglia_activation,Hippocampus
B4GALT1,Microglia_activation,Hippocampus
BIRC3,Microglia_activation,Hippocampus
C1QA,Microglia_activation,Hippocampus
CASP4,Microglia_activation,Hippocampus
CCDC86,Microglia_activation,Hippocampus
CCL12,Microglia_activation,Hippocampus
CCL2,Microglia_activation,Hippocampus
CCL4,Microglia_activation,Hippocampus
CCL9,Microglia_activation,Hippocampus
CCR5,Microglia_activation,Hippocampus
CD14,Microglia_activation,Hippocampus
CD53,Microglia_activation,Hippocampus
CD83,Microglia_activation,Hippocampus
CD86,Microglia_activation,Hippocampus
CDKN1A,Microglia_activation,Hippocampus
CEBPB,Microglia_activation,Hippocampus
CEP152,Microglia_activation,Hippocampus
CHST7,Microglia_activation,Hippocampus
CSF2RB2,Microglia_activation,Hippocampus
CTLA2B,Microglia_activation,Hippocampus
CXCL10,Microglia_activation,Hippocampus
CXCL16,Microglia_activation,Hippocampus
CXCL2,Microglia_activation,Hippocampus
EGR2,Microglia_activation,Hippocampus
FCER1G,Microglia_activation,Hippocampus
FCGR2B,Microglia_activation,Hippocampus
FCGR2A,Microglia_activation,Hippocampus
FRRS1,Microglia_activation,Hippocampus
GLIPR1,Microglia_activation,Hippocampus
GPR84,Microglia_activation,Hippocampus
HCK,Microglia_activation,Hippocampus
HFE,Microglia_activation,Hippocampus
HLX,Microglia_activation,Hippocampus
ICAM1,Microglia_activation,Hippocampus
IER3,Microglia_activation,Hippocampus
IFI30,Microglia_activation,Hippocampus
IFI35,Microglia_activation,Hippocampus
IFIH1,Microglia_activation,Hippocampus
IL17RA,Microglia_activation,Hippocampus
IL1A,Microglia_activation,Hippocampus
IL1B,Microglia_activation,Hippocampus
IL4R,Microglia_activation,Hippocampus
IL6,Microglia_activation,Hippocampus
IRF9,Microglia_activation,Hippocampus
ISG20,Microglia_activation,Hippocampus
JMJD1C,Microglia_activation,Hippocampus
KLF10,Microglia_activation,Hippocampus
LCP2,Microglia_activation,Hippocampus
LRRFIP1,Microglia_activation,Hippocampus
MAFF,Microglia_activation,Hippocampus
MAP3K8,Microglia_activation,Hippocampus
MCL1,Microglia_activation,Hippocampus
MLPH,Microglia_activation,Hippocampus
MLXIP,Microglia_activation,Hippocampus
MRC2,Microglia_activation,Hippocampus
MS4A6A,Microglia_activation,Hippocampus
MS4A6C,Microglia_activation,Hippocampus
MS4A6D,Microglia_activation,Hippocampus
MYC,Microglia_activation,Hippocampus
MYD88,Microglia_activation,Hippocampus
NCF1C,Microglia_activation,Hippocampus
NCF2,Microglia_activation,Hippocampus
NCF4,Microglia_activation,Hippocampus
NFKBIA,Microglia_activation,Hippocampus
NFKBIE,Microglia_activation,Hippocampus
NFKBIZ,Microglia_activation,Hippocampus
NPL,Microglia_activation,Hippocampus
P2RY6,Microglia_activation,Hippocampus
PARP10,Microglia_activation,Hippocampus
PARP14,Microglia_activation,Hippocampus
PER1,Microglia_activation,Hippocampus
PLEK,Microglia_activation,Hippocampus
PMAIP1,Microglia_activation,Hippocampus
RAB20,Microglia_activation,Hippocampus
RAB3IL1,Microglia_activation,Hippocampus
RAP1B,Microglia_activation,Hippocampus
RCAN1,Microglia_activation,Hippocampus
RELA,Microglia_activation,Hippocampus
RHOH,Microglia_activation,Hippocampus
RIPK1,Microglia_activation,Hippocampus
RNASEL,Microglia_activation,Hippocampus
RNF19B,Microglia_activation,Hippocampus
RRAD,Microglia_activation,Hippocampus
RUNX1,Microglia_activation,Hippocampus
SAMSN1,Microglia_activation,Hippocampus
SERPINE1,Microglia_activation,Hippocampus
SERTAD1,Microglia_activation,Hippocampus
SH2B2,Microglia_activation,Hippocampus
SLA,Microglia_activation,Hippocampus
SLC15A3,Microglia_activation,Hippocampus
SLC39A8,Microglia_activation,Hippocampus
SMAGP,Microglia_activation,Hippocampus
SOCS3,Microglia_activation,Hippocampus
SPINT1,Microglia_activation,Hippocampus
SQRDL,Microglia_activation,Hippocampus
SRGN,Microglia_activation,Hippocampus
SYK,Microglia_activation,Hippocampus
TAP1,Microglia_activation,Hippocampus
TGM2,Microglia_activation,Hippocampus
TLR2,Microglia_activation,Hippocampus
TLR6,Microglia_activation,Hippocampus
TLR7,Microglia_activation,Hippocampus
TMEM173,Microglia_activation,Hippocampus
TNFAIP2,Microglia_activation,Hippocampus
TPP2,Microglia_activation,Hippocampus
TRIM30A,Microglia_activation,Hippocampus
TSPO,Microglia_activation,Hippocampus
TUBB6,Microglia_activation,Hippocampus
UCP2,Microglia_activation,Hippocampus
VASP,Microglia_activation,Hippocampus
VAV1,Microglia_activation,Hippocampus
ZFP36,Microglia_activation,Hippocampus
C10orf54,Microglia_deactivation,Hippocampus
ABCC3,Microglia_deactivation,Hippocampus
ADCY7,Microglia_deactivation,Hippocampus
ADRB2,Microglia_deactivation,Hippocampus
ADRBK1,Microglia_deactivation,Hippocampus
AFP,Microglia_deactivation,Hippocampus
AIF1,Microglia_deactivation,Hippocampus
ANG,Microglia_deactivation,Hippocampus
ANXA1,Microglia_deactivation,Hippocampus
ARAP3,Microglia_deactivation,Hippocampus
ARHGAP17,Microglia_deactivation,Hippocampus
ARHGAP4,Microglia_deactivation,Hippocampus
ARHGAP9,Microglia_deactivation,Hippocampus
ARHGDIB,Microglia_deactivation,Hippocampus
ATF3,Microglia_deactivation,Hippocampus
BATF3,Microglia_deactivation,Hippocampus
BLNK,Microglia_deactivation,Hippocampus
BTK,Microglia_deactivation,Hippocampus
CALHM2,Microglia_deactivation,Hippocampus
CAMP,Microglia_deactivation,Hippocampus
CAPN3,Microglia_deactivation,Hippocampus
CD177,Microglia_deactivation,Hippocampus
CD300A,Microglia_deactivation,Hippocampus
CD33,Microglia_deactivation,Hippocampus
CD48,Microglia_deactivation,Hippocampus
CD79B,Microglia_deactivation,Hippocampus
CEBPA,Microglia_deactivation,Hippocampus
CLEC4A,Microglia_deactivation,Hippocampus
CLEC7A,Microglia_deactivation,Hippocampus
CMTM7,Microglia_deactivation,Hippocampus
CMTM8,Microglia_deactivation,Hippocampus
CSF3R,Microglia_deactivation,Hippocampus
CTC1,Microglia_deactivation,Hippocampus
CX3CR1,Microglia_deactivation,Hippocampus
CYTIP,Microglia_deactivation,Hippocampus
DOCK8,Microglia_deactivation,Hippocampus
EBF3,Microglia_deactivation,Hippocampus
EDEM1,Microglia_deactivation,Hippocampus
ELK3,Microglia_deactivation,Hippocampus
ETS1,Microglia_deactivation,Hippocampus
FAM105A,Microglia_deactivation,Hippocampus
FAM111A,Microglia_deactivation,Hippocampus
FGD2,Microglia_deactivation,Hippocampus
FLI1,Microglia_deactivation,Hippocampus
FMNL3,Microglia_deactivation,Hippocampus
FOSB,Microglia_deactivation,Hippocampus
GIMAP6,Microglia_deactivation,Hippocampus
GNA15,Microglia_deactivation,Hippocampus
GPR34,Microglia_deactivation,Hippocampus
HLA-DQA1,Microglia_deactivation,Hippocampus
HLA-DMA,Microglia_deactivation,Hippocampus
HLA-G,Microglia_deactivation,Hippocampus
HEXB,Microglia_deactivation,Hippocampus
HHEX,Microglia_deactivation,Hippocampus
HPGD,Microglia_deactivation,Hippocampus
HPGDS,Microglia_deactivation,Hippocampus
HVCN1,Microglia_deactivation,Hippocampus
IFITM6,Microglia_deactivation,Hippocampus
IL10RA,Microglia_deactivation,Hippocampus
IL10RB,Microglia_deactivation,Hippocampus
IL16,Microglia_deactivation,Hippocampus
INPP5D,Microglia_deactivation,Hippocampus
IRF8,Microglia_deactivation,Hippocampus
IVNS1ABP,Microglia_deactivation,Hippocampus
KCTD12,Microglia_deactivation,Hippocampus
KLK8,Microglia_deactivation,Hippocampus
LAIR1,Microglia_deactivation,Hippocampus
LCN2,Microglia_deactivation,Hippocampus
LGMN,Microglia_deactivation,Hippocampus
LMO2,Microglia_deactivation,Hippocampus
LPXN,Microglia_deactivation,Hippocampus
LRBA,Microglia_deactivation,Hippocampus
LRMP,Microglia_deactivation,Hippocampus
LRRK1,Microglia_deactivation,Hippocampus
LTF,Microglia_deactivation,Hippocampus
LYL1,Microglia_deactivation,Hippocampus
LYZ1,Microglia_deactivation,Hippocampus
MAFB,Microglia_deactivation,Hippocampus
MAN2B1,Microglia_deactivation,Hippocampus
MCM3,Microglia_deactivation,Hippocampus
MFNG,Microglia_deactivation,Hippocampus
MPEG1,Microglia_deactivation,Hippocampus
MYLIP,Microglia_deactivation,Hippocampus
MYO1G,Microglia_deactivation,Hippocampus
NAALAD2,Microglia_deactivation,Hippocampus
NFAM1,Microglia_deactivation,Hippocampus
NGP,Microglia_deactivation,Hippocampus
OLFML3,Microglia_deactivation,Hippocampus
P2RY12,Microglia_deactivation,Hippocampus
PARVG,Microglia_deactivation,Hippocampus
PIK3CG,Microglia_deactivation,Hippocampus
PLD1,Microglia_deactivation,Hippocampus
PLD4,Microglia_deactivation,Hippocampus
PLXDC1,Microglia_deactivation,Hippocampus
PMEPA1,Microglia_deactivation,Hippocampus
PPFIA4,Microglia_deactivation,Hippocampus
PRKCD,Microglia_deactivation,Hippocampus
PSMB9,Microglia_deactivation,Hippocampus
PTPN18,Microglia_deactivation,Hippocampus
PTPN6,Microglia_deactivation,Hippocampus
PYCARD,Microglia_deactivation,Hippocampus
RASA4,Microglia_deactivation,Hippocampus
RGL1,Microglia_deactivation,Hippocampus
RGS2,Microglia_deactivation,Hippocampus
RPS6KA1,Microglia_deactivation,Hippocampus
S100A8,Microglia_deactivation,Hippocampus
S100A9,Microglia_deactivation,Hippocampus
SAMHD1,Microglia_deactivation,Hippocampus
SCAMP2,Microglia_deactivation,Hippocampus
SELPLG,Microglia_deactivation,Hippocampus
SLAMF9,Microglia_deactivation,Hippocampus
SLC16A6,Microglia_deactivation,Hippocampus
SLC25A37,Microglia_deactivation,Hippocampus
SLC2A5,Microglia_deactivation,Hippocampus
SLC35C2,Microglia_deactivation,Hippocampus
SLC37A2,Microglia_deactivation,Hippocampus
SLC40A1,Microglia_deactivation,Hippocampus
SNX5,Microglia_deactivation,Hippocampus
ST3GAL6,Microglia_deactivation,Hippocampus
TCIRG1,Microglia_deactivation,Hippocampus
TEC,Microglia_deactivation,Hippocampus
TGFBI,Microglia_deactivation,Hippocampus
TGFBR1,Microglia_deactivation,Hippocampus
TGIF1,Microglia_deactivation,Hippocampus
THEMIS2,Microglia_deactivation,Hippocampus
TIFA,Microglia_deactivation,Hippocampus
TLR4,Microglia_deactivation,Hippocampus
TMCC3,Microglia_deactivation,Hippocampus
TMEM119,Microglia_deactivation,Hippocampus
TMEM140,Microglia_deactivation,Hippocampus
TNFRSF1B,Microglia_deactivation,Hippocampus
TNFSF13B,Microglia_deactivation,Hippocampus
TREM2,Microglia_deactivation,Hippocampus
TRIM47,Microglia_deactivation,Hippocampus
UBA7,Microglia_deactivation,Hippocampus
UNC93B1,Microglia_deactivation,Hippocampus
VAMP8,Microglia_deactivation,Hippocampus
VRK2,Microglia_deactivation,Hippocampus
ADSSL1,Oligodendrocyte,Hippocampus
ANLN,Oligodendrocyte,Hippocampus
APOD,Oligodendrocyte,Hippocampus
ASPA,Oligodendrocyte,Hippocampus
CHN2,Oligodendrocyte,Hippocampus
CLDN11,Oligodendrocyte,Hippocampus
CTSK,Oligodendrocyte,Hippocampus
DDC,Oligodendrocyte,Hippocampus
ELOVL7,Oligodendrocyte,Hippocampus
FA2H,Oligodendrocyte,Hippocampus
GAL3ST1,Oligodendrocyte,Hippocampus
GAMT,Oligodendrocyte,Hippocampus
GJB1,Oligodendrocyte,Hippocampus
GLTP,Oligodendrocyte,Hippocampus
GSN,Oligodendrocyte,Hippocampus
HAPLN2,Oligodendrocyte,Hippocampus
ICK,Oligodendrocyte,Hippocampus
JOSD2,Oligodendrocyte,Hippocampus
KAZN,Oligodendrocyte,Hippocampus
LIMS2,Oligodendrocyte,Hippocampus
LPAR1,Oligodendrocyte,Hippocampus
MAG,Oligodendrocyte,Hippocampus
MAL,Oligodendrocyte,Hippocampus
MOBP,Oligodendrocyte,Hippocampus
MOG,Oligodendrocyte,Hippocampus
NKX2-2,Oligodendrocyte,Hippocampus
NKX6-2,Oligodendrocyte,Hippocampus
OLIG2,Oligodendrocyte,Hippocampus
PDLIM2,Oligodendrocyte,Hippocampus
PHLDB1,Oligodendrocyte,Hippocampus
PLEKHF1,Oligodendrocyte,Hippocampus
PLEKHH1,Oligodendrocyte,Hippocampus
PLLP,Oligodendrocyte,Hippocampus
PPP1R14A,Oligodendrocyte,Hippocampus
PTGDS,Oligodendrocyte,Hippocampus
S1PR5,Oligodendrocyte,Hippocampus
4-Sep,Oligodendrocyte,Hippocampus
SGK2,Oligodendrocyte,Hippocampus
SLAIN1,Oligodendrocyte,Hippocampus
SLC44A1,Oligodendrocyte,Hippocampus
SOX10,Oligodendrocyte,Hippocampus
TMEM163,Oligodendrocyte,Hippocampus
TMEM98,Oligodendrocyte,Hippocampus
TPPP3,Oligodendrocyte,Hippocampus
TRIM59,Oligodendrocyte,Hippocampus
TSPAN2,Oligodendrocyte,Hippocampus
UGT8,Oligodendrocyte,Hippocampus
BDNF,Pyramidal_Thy1,Hippocampus
CRIM1,Pyramidal_Thy1,Hippocampus
DCN,Pyramidal_Thy1,Hippocampus
FEZF2,Pyramidal_Thy1,Hippocampus
GABRB3,Pyramidal_Thy1,Hippocampus
GRP,Pyramidal_Thy1,Hippocampus
KIT,Pyramidal_Thy1,Hippocampus
LDB2,Pyramidal_Thy1,Hippocampus
NEUROD6,Pyramidal_Thy1,Hippocampus
NOV,Pyramidal_Thy1,Hippocampus
NPR3,Pyramidal_Thy1,Hippocampus
NR4A2,Pyramidal_Thy1,Hippocampus
NTS,Pyramidal_Thy1,Hippocampus
PDE1A,Pyramidal_Thy1,Hippocampus
PPP3CA,Pyramidal_Thy1,Hippocampus
PSRC1,Pyramidal_Thy1,Hippocampus
RSPO2,Pyramidal_Thy1,Hippocampus
RUNX1T1,Pyramidal_Thy1,Hippocampus
SLC17A6,Pyramidal_Thy1,Hippocampus
SORCS3,Pyramidal_Thy1,Hippocampus
TENM2,Pyramidal_Thy1,Hippocampus
