 study, cogdxstr, rin_num, pH, pmi 
MAP,Dementia-AD,7.3,6.7800000000000002,4.0
MAP,Dementia,8.0,6.6200000000000001,3.5
MAP,Dementia-AD,8.0,NA,4.416666666666667
ROS,Dementia-AD,8.1,NA,4.583333333333333
ROS,Dementia-AD,8.4,6.6799999999999997,4.0
ROS,Dementia,8.6,6.2699999999999996,5.333333333333333
MAP,Dementia-AD,8.6,7.0999999999999996,10.5
ROS,Dementia-AD,8.2,6.8399999999999999,5.2666666666666666
ROS,Dementia-AD,8.3,NA,4.7166666666666668
ROS,Dementia-AD,8.2,6.3700000000000001,4.5
ROS,Dementia-AD,8.3,NA,3.0
ROS,Dementia-AD,8.0,NA,9.5833333333333339
ROS,Dementia-AD,8.2,6.5499999999999998,13.5
MAP,Dementia-AD,8.1,6.2000000000000002,3.7833333333333332
ROS,Dementia-AD,8.6,NA,4.5
MAP,Dementia-AD,8.2,NA,6.0
ROS,Dementia-AD,8.7,6.7000000000000002,2.5833333333333335
ROS,Dementia-AD,9.2,6.9699999999999998,3.5
ROS,Dementia-AD,8.5,NA,6.583333333333333
MAP,Dementia-AD,8.0,NA,5.1833333333333336
MAP,Dementia-AD,8.2,NA,5.333333333333333
MAP,Dementia-AD,8.3,NA,3.6666666666666665
MAP,Dementia-AD,8.5,6.9000000000000004,3.8500000000000001
ROS,Dementia-AD,8.0,6.4199999999999999,3.0833333333333335
MAP,Dementia-AD,8.3,6.7400000000000002,3.5
ROS,Dementia-AD,8.2,NA,8.6666666666666661
ROS,Dementia-AD,8.4,NA,2.25
MAP,Dementia-AD,8.0,NA,5.5
MAP,Dementia-AD,8.1,NA,4.166666666666667
ROS,Dementia-AD,8.6,6.2800000000000002,4.5
ROS,Dementia-AD,8.5,6.7400000000000002,1.1166666666666667
MAP,MCI,8.0,NA,20.5
ROS,Dementia-AD,8.1,7.0,13.666666666666666
ROS,Dementia-AD,8.5,NA,4.333333333333333
ROS,Dementia,7.7,6.5899999999999999,7.5
MAP,Dementia-AD,7.8,6.4299999999999997,4.416666666666667
ROS,Dementia-AD,7.3,6.8099999999999996,4.5
ROS,Dementia-AD,7.4,6.3600000000000003,4.083333333333333
ROS,Dementia-AD,7.9,NA,3.5833333333333335
ROS,Dementia-AD,7.7,6.5499999999999998,4.25
MAP,Dementia-AD,7.4,NA,4.416666666666667
ROS,Dementia-AD,7.7,6.5,4.166666666666667
MAP,Dementia-AD,7.3,NA,3.0
MAP,Dementia-AD,7.4,NA,13.583333333333334
ROS,Dementia-AD,7.4,5.9199999999999999,5.166666666666667
ROS,Dementia,7.8,NA,4.333333333333333
ROS,Dementia-AD,7.3,NA,3.7999999999999998
MAP,Dementia-AD,7.7,NA,5.4833333333333334
ROS,Dementia,7.6,6.4100000000000001,14.5
MAP,Dementia-AD,7.7,NA,6.5
MAP,Dementia-AD,7.4,NA,6.0666666666666664
ROS,Dementia-AD,7.7,6.6500000000000004,8.0833333333333339
ROS,Dementia-AD,7.9,NA,4.8499999999999996
ROS,Dementia-AD,7.4,6.7300000000000004,18.333333333333332
MAP,Dementia-AD,7.4,NA,5.2000000000000002
MAP,Dementia-AD,7.4,NA,7.75
MAP,Dementia-AD,7.5,NA,4.8666666666666663
ROS,Dementia-AD,7.4,NA,8.0
MAP,Dementia-AD,7.9,NA,4.083333333333333
ROS,Dementia-AD,7.8,NA,8.1666666666666661
ROS,Dementia-AD,7.5,6.9400000000000004,4.2166666666666668
MAP,Dementia-AD,7.6,NA,4.083333333333333
ROS,Dementia-AD,8.0,NA,3.8333333333333335
ROS,Dementia-AD,7.5,NA,17.833333333333332
ROS,Dementia-AD,7.6,NA,5.416666666666667
ROS,Dementia-AD,7.6,NA,1.95
ROS,Dementia-AD,7.4,6.8300000000000001,3.3333333333333335
MAP,Dementia-AD,7.6,NA,12.883333333333333
MAP,Dementia,6.6,NA,40.799999999999997
MAP,Dementia-AD,6.8,NA,8.8333333333333339
MAP,Dementia-AD,6.9,NA,7.8833333333333337
MAP,Dementia,6.7,NA,8.1666666666666661
ROS,Dementia-AD,7.2,NA,6.8666666666666663
MAP,Dementia-AD,7.1,NA,3.75
ROS,Dementia-AD,7.3,NA,7.083333333333333
ROS,Dementia-AD,6.9,NA,6.75
MAP,Dementia-AD,6.5,NA,4.916666666666667
ROS,Dementia-AD,7.3,NA,5.833333333333333
ROS,Dementia-AD,6.5,6.1799999999999997,9.0
MAP,Dementia-AD,6.5,6.3499999999999996,3.9166666666666665
ROS,Dementia-AD,7.2,6.5999999999999996,3.5
MAP,Dementia-AD,7.3,NA,5.083333333333333
MAP,Dementia-AD,6.5,NA,8.1666666666666661
ROS,Dementia-AD,7.0,NA,NA
MAP,Dementia-AD,6.8,NA,13.199999999999999
MAP,Dementia-AD,6.9,NA,5.666666666666667
ROS,Dementia-AD,6.7,6.54,9.0
MAP,Dementia-AD,7.3,NA,6.416666666666667
ROS,Dementia-AD,6.7,6.4699999999999998,4.25
ROS,Dementia-AD,7.1,6.5999999999999996,1.75
ROS,Dementia-AD,6.7,6.54,5.0
ROS,Dementia-AD,6.8,6.4100000000000001,5.0
ROS,Dementia-AD,6.5,6.6299999999999999,4.5
MAP,Dementia-AD,6.8,NA,11.916666666666666
MAP,Dementia-AD,7.0,NA,8.9166666666666661
MAP,Dementia-AD,6.5,6.5999999999999996,4.083333333333333
ROS,Dementia-AD,6.9,NA,13.0
ROS,Dementia-AD,6.6,NA,17.416666666666668
MAP,Dementia-AD,6.9,NA,3.0833333333333335
MAP,Dementia-AD,7.1,NA,4.166666666666667
ROS,Dementia-AD,7.2,6.6200000000000001,2.8999999999999999
ROS,Dementia-AD,6.2,NA,17.583333333333332
MAP,Dementia-AD,5.9,6.6500000000000004,8.75
MAP,Dementia-AD,5.3,NA,4.666666666666667
ROS,Dementia-AD,5.1,NA,4.666666666666667
ROS,Dementia-AD,5.5,NA,7.75
MAP,Dementia-AD,6.1,NA,6.166666666666667
MAP,Dementia-AD,6.4,6.1399999999999997,6.916666666666667
ROS,Dementia-AD,6.2,NA,4.7166666666666668
MAP,Dementia-AD,6.1,6.5999999999999996,4.416666666666667
MAP,Dementia-AD,5.2,NA,16.5
MAP,Dementia-AD,5.8,NA,7.083333333333333
MAP,Dementia-AD,5.6,NA,5.2999999999999998
MAP,Dementia-AD,5.8,NA,5.833333333333333
ROS,Dementia-AD,5.3,6.3399999999999999,3.0833333333333335
MAP,Dementia-AD,5.1,6.2400000000000002,4.2999999999999998
ROS,Dementia-AD,5.8,NA,3.0
MAP,Dementia-AD,6.1,NA,7.0
MAP,Dementia-AD,5.2,NA,14.333333333333334
ROS,Dementia-AD,5.6,6.3799999999999999,4.25
MAP,Dementia-AD,6.1,6.2800000000000002,3.8333333333333335
MAP,Dementia-AD,5.7,NA,7.5
MAP,Dementia-AD,5.3,NA,4.2999999999999998
ROS,Dementia-AD,5.8,6.4000000000000004,4.583333333333333
MAP,Dementia-AD,6.0,NA,3.9166666666666665
ROS,Dementia-AD,5.0,NA,8.75
MAP,Dementia-AD,5.5,6.54,7.75
ROS,Dementia-AD,5.9,6.0,12.75
ROS,Dementia-AD,5.8,6.1699999999999999,23.333333333333332
MAP,Dementia-AD,6.3,NA,19.5
ROS,Dementia-AD,6.9,6.7199999999999998,11.25
MAP,Dementia-AD,6.1,NA,4.4666666666666668
ROS,Dementia-AD,6.4,5.9000000000000004,4.4500000000000002
ROS,Dementia-AD,7.0,6.4500000000000002,7.5
MAP,Dementia-AD,5.0,6.6900000000000004,13.666666666666666
MAP,Dementia-AD,5.5,NA,7.416666666666667
ROS,Dementia-AD,5.6,NA,4.083333333333333
ROS,Dementia-AD,6.5,6.4800000000000004,12.916666666666666
MAP,Dementia-AD,6.9,NA,8.25
ROS,Dementia-AD,6.4,5.8499999999999996,4.833333333333333
ROS,Dementia-AD,6.5,NA,13.633333333333333
MAP,Dementia-AD,6.7,NA,4.833333333333333
MAP,Dementia-AD,6.8,6.6600000000000001,5.7166666666666668
ROS,Dementia-AD,6.2,7.2300000000000004,5.0
MAP,Dementia-AD,6.9,6.2800000000000002,8.25
MAP,Dementia-AD,6.0,NA,3.8333333333333335
ROS,Dementia-AD,6.8,NA,21.416666666666668
ROS,Dementia-AD,6.9,NA,7.25
ROS,Dementia-AD,5.4,6.5099999999999998,6.5
MAP,Dementia-AD,6.4,NA,6.416666666666667
ROS,Dementia-AD,6.8,6.7000000000000002,5.0
ROS,Dementia-AD,5.9,NA,11.0
MAP,Dementia-AD,6.0,5.7999999999999998,4.166666666666667
ROS,Dementia-AD,5.3,NA,3.6666666666666665
ROS,Dementia-AD,6.9,6.4699999999999998,19.0
ROS,Dementia-AD,5.8,6.5599999999999996,3.6666666666666665
ROS,Dementia-AD,6.3,NA,3.9166666666666665
ROS,Dementia-AD,6.8,6.3600000000000003,13.25
ROS,Dementia-AD,6.7,NA,2.5833333333333335
ROS,Dementia-AD,5.7,6.2999999999999998,6.833333333333333
ROS,Dementia-AD,7.4,NA,6.416666666666667
ROS,Dementia,8.3,NA,4.0
ROS,Dementia-AD,8.4,6.6699999999999999,1.5
MAP,Dementia-AD,7.5,NA,11.983333333333333
ROS,Dementia-AD,7.5,NA,10.25
MAP,Dementia-AD,7.1,NA,8.75
MAP,Dementia-AD,7.6,NA,4.333333333333333
ROS,Dementia-AD,7.4,NA,4.5
MAP,Dementia-AD,8.0,NA,3.25
ROS,Dementia-AD,7.1,6.6600000000000001,4.666666666666667
ROS,Dementia,8.3,NA,7.25
ROS,Dementia-AD,7.3,6.3700000000000001,3.2833333333333332
ROS,Dementia-AD,8.4,6.0899999999999999,12.383333333333333
ROS,Dementia-AD,8.2,NA,3.5
ROS,Dementia-AD,7.1,NA,4.0
ROS,Dementia-AD,7.8,6.6900000000000004,5.833333333333333
ROS,Dementia-AD,7.6,NA,18.75
MAP,Dementia,7.3,NA,6.0
ROS,Dementia-AD,7.9,6.1699999999999999,2.9166666666666665
MAP,Dementia-AD,7.3,NA,6.0999999999999996
MAP,Dementia-AD,7.4,6.3200000000000003,3.0
ROS,Dementia-AD,7.5,NA,2.3333333333333335
MAP,Dementia,8.2,NA,5.166666666666667
ROS,Dementia-AD,8.4,NA,4.0
MAP,Dementia-AD,7.6,NA,3.5
ROS,Dementia-AD,7.4,6.71,17.416666666666668
ROS,Dementia-AD,7.1,6.8300000000000001,5.666666666666667
ROS,Dementia-AD,7.6,6.6799999999999997,7.416666666666667
MAP,Dementia-AD,7.4,6.6399999999999997,5.833333333333333
MAP,Dementia-AD,7.6,6.9800000000000004,4.7166666666666668
MAP,Dementia-AD,7.9,NA,4.3833333333333337
ROS,Dementia-AD,8.0,6.6299999999999999,5.083333333333333
ROS,Dementia,8.4,6.4699999999999998,6.2166666666666668
ROS,Dementia-AD,7.6,6.7999999999999998,5.0
MAP,Dementia-AD,7.0,NA,5.25
ROS,Dementia-AD,7.7,6.9800000000000004,5.7166666666666668
MAP,Dementia-AD,7.4,NA,5.583333333333333
ROS,Dementia-AD,8.2,6.5999999999999996,1.25
ROS,Dementia-AD,7.1,6.5599999999999996,11.5
ROS,Dementia-AD,7.910182,6.7999999999999998,9.0
MAP,Dementia-AD,7.388978,NA,6.75
MAP,Dementia-AD,9.140738,NA,5.75
ROS,Dementia-AD,7.278903,NA,4.416666666666667
ROS,Dementia-AD,6.2,NA,13.533333333333333
ROS,Dementia-AD,5.2,NA,2.3333333333333335
MAP,Dementia-AD,5.5,NA,6.1166666666666663
MAP,Dementia-AD,6.3,NA,6.75
MAP,Dementia-AD,6,NA,5.0
ROS,Dementia-AD,6.1,NA,10.083333333333334
ROS,Dementia-AD,5.4,NA,23.916666666666668
MAP,Dementia-AD,5.1,NA,9.5
MAP,Dementia-AD,5.9,NA,6.6833333333333336
ROS,Dementia-AD,5.6,NA,10.333333333333334
MAP,Dementia-AD,5.2,NA,6.333333333333333
MAP,Dementia-AD,5.6,NA,6.25
ROS,Dementia-AD,5.9,NA,4.4666666666666668
MAP,Dementia-AD,5.6,NA,6.5
ROS,Dementia-AD,6.3,NA,10.116666666666667
ROS,Dementia-AD,6.2,NA,6.0
MAP,Dementia-AD,5.2,NA,5.7833333333333332
ROS,Dementia-AD,5.4,NA,3.9166666666666665
MAP,Dementia-AD,5.9,NA,8.3333333333333339
MAP,Dementia-AD,5.6,NA,4.25
MAP,Dementia-AD,6.1,NA,5.75
MAP,Dementia-AD,5.2,NA,5.0
ROS,Dementia-AD,6.2,NA,4.4000000000000004
MAP,Dementia-AD,7.1,NA,7.2166666666666668
MAP,Dementia-AD,6.5,NA,5.25
MAP,Dementia-AD,7.8,NA,7.7333333333333334
MAP,Dementia-AD,7.9,NA,5.5999999999999996
MAP,Dementia-AD,7.2,NA,5.9500000000000002
ROS,Dementia-AD,7.4,NA,3.8333333333333335
MAP,Dementia-AD,7.5,NA,6.583333333333333
ROS,Dementia-AD,7.7,NA,3.9333333333333331
ROS,Dementia-AD,7.2,NA,7.4500000000000002
MAP,Dementia-AD,7.5,NA,7.3499999999999996
MAP,Dementia-AD,7.6,NA,5.25
MAP,No rating,7,NA,8.5833333333333339
MAP,NCI,6.6,NA,6.75
MAP,NCI,8,NA,18.166666666666668
MAP,MCI,7.1,7.0300000000000002,4.8666666666666663
ROS,MCI,6.2,NA,17.0
ROS,MCI,8.2,6.7199999999999998,3.8333333333333335
ROS,MCI,8.7,6.7999999999999998,1.8333333333333333
MAP,MCI,9.0,7.2699999999999996,3.9166666666666665
MAP,MCI,8.1,NA,7.75
MAP,MCI,8.3,NA,4.6333333333333337
MAP,MCI,8.4,NA,4.25
ROS,MCI,8.2,6.5300000000000002,5.416666666666667
MAP,MCI,8.6,6.7599999999999998,6.0
MAP,MCI,8.2,NA,6.5499999999999998
ROS,MCI,8.1,NA,4.416666666666667
ROS,MCI,8.5,6.2999999999999998,4.7999999999999998
ROS,MCI,8.6,6.6200000000000001,4.833333333333333
MAP,MCI,8.6,NA,3.25
ROS,MCI,8.2,NA,5.833333333333333
ROS,MCI,8.3,6.7599999999999998,1.5833333333333333
MAP,MCI,8.3,6.6900000000000004,5.25
ROS,MCI,8.3,6.8499999999999996,6.75
ROS,MCI,8.8,6.5599999999999996,2.75
MAP,MCI,8.4,6.4000000000000004,5.9333333333333336
ROS,MCI,8.6,6.3499999999999996,3.25
ROS,MCI,8.0,NA,12.5
ROS,MCI,7.7,6.1600000000000001,2.75
ROS,MCI,7.4,7.1299999999999999,11.5
ROS,MCI,7.8,6.3499999999999996,3.0833333333333335
ROS,MCI,7.9,6.3600000000000003,3.8333333333333335
ROS,MCI,7.5,NA,2.5
ROS,MCI,7.9,NA,3.5833333333333335
MAP,MCI,7.9,6.46,14.5
ROS,MCI,7.4,NA,3.0
MAP,MCI,7.4,NA,6.75
MAP,MCI,7.5,NA,5.1833333333333336
ROS,MCI,7.5,NA,1.75
ROS,MCI,7.4,6.2400000000000002,7.333333333333333
ROS,MCI,7.5,NA,10.0
ROS,NCI,7.2,6.04,4.2166666666666668
ROS,NCI,8.7,6.0899999999999999,5.5
ROS,NCI,8.8,6.9699999999999998,3.25
MAP,NCI,8.0,6.6299999999999999,7.2666666666666666
ROS,NCI,8.4,6.4500000000000002,4.4000000000000004
MAP,NCI,8.4,NA,7.0499999999999998
ROS,NCI,8.3,6.5999999999999996,5.4333333333333336
ROS,NCI,8.8,6.5599999999999996,2.75
MAP,NCI,9.1,6.71,9.8333333333333339
MAP,NCI,8.7,6.6900000000000004,5.2333333333333334
MAP,NCI,8.0,NA,7.083333333333333
MAP,NCI,8.6,NA,4.0
ROS,NCI,8.1,6.3300000000000001,7.0
MAP,NCI,8.0,NA,8.5
MAP,NCI,8.5,NA,5.583333333333333
ROS,NCI,8.3,6.7999999999999998,2.5
MAP,NCI,8.1,NA,3.8833333333333333
MAP,NCI,8.6,6.4000000000000004,7.4500000000000002
MAP,NCI,8.7,6.04,4.833333333333333
MAP,NCI,9.9,NA,11.416666666666666
MAP,NCI,8.6,NA,4.5166666666666666
MAP,NCI,8.5,6.0599999999999996,2.5
MAP,NCI,8.6,NA,6.5
ROS,NCI,8.3,NA,12.416666666666666
MAP,NCI,8.6,NA,5.083333333333333
MAP,NCI,8.2,NA,8.2833333333333332
ROS,NCI,8.3,NA,3.0833333333333335
ROS,NCI,8.4,NA,5.0
ROS,NCI,8.3,6.25,6.25
ROS,NCI,8.5,6.3700000000000001,4.5666666666666664
ROS,NCI,8.2,NA,6.166666666666667
MAP,NCI,8.0,NA,6.416666666666667
ROS,NCI,8.1,6.5899999999999999,NA
MAP,NCI,8.4,NA,7.75
MAP,NCI,8.3,NA,5.666666666666667
ROS,NCI,8.8,NA,3.0
ROS,NCI,9.5,NA,9.7833333333333332
ROS,NCI,7.5,6.8200000000000003,2.5833333333333335
ROS,NCI,7.6,6.7400000000000002,3.75
ROS,NCI,7.5,NA,3.25
ROS,NCI,7.8,NA,4.083333333333333
MAP,NCI,7.7,NA,5.916666666666667
MAP,NCI,7.9,NA,5.333333333333333
ROS,NCI,7.7,NA,4.166666666666667
MAP,NCI,7.5,6.4299999999999997,4.583333333333333
MAP,NCI,7.9,6.79,9.8333333333333339
MAP,NCI,7.9,NA,6.1166666666666663
ROS,NCI,7.4,6.5300000000000002,7.0
ROS,NCI,7.6,6.3499999999999996,8.5833333333333339
MAP,NCI,7.6,NA,8.5833333333333339
ROS,NCI,7.9,6.3499999999999996,5.583333333333333
ROS,NCI,7.8,NA,15.25
MAP,NCI,7.8,NA,3.75
ROS,NCI,7.5,NA,29.583333333333332
ROS,NCI,7.5,NA,18.5
MAP,NCI,7.7,NA,5.5
ROS,NCI,7.4,NA,5.083333333333333
MAP,NCI,7.6,NA,6.25
MAP,NCI,7.5,NA,5.666666666666667
MAP,NCI,7.4,NA,6.0333333333333332
ROS,NCI,7.5,NA,8.6666666666666661
ROS,NCI,7.6,NA,7.4833333333333334
MAP,NCI,7.9,NA,8.8333333333333339
ROS,NCI,7.7,6.4100000000000001,8.0666666666666664
ROS,NCI,7.9,6.9199999999999999,5.333333333333333
MAP,NCI,6.9,NA,4.4000000000000004
ROS,NCI,7.3,NA,7.9500000000000002
MAP,NCI,7.3,NA,9.0333333333333332
MAP,NCI,6.6,NA,7.916666666666667
ROS,NCI,7.1,NA,6.416666666666667
ROS,NCI,6.9,5.8799999999999999,3.0
ROS,NCI,7.2,6.96,14.966666666666667
ROS,NCI,7.1,6.1699999999999999,7.9666666666666668
MAP,NCI,6.7,NA,11.15
ROS,NCI,6.8,5.9500000000000002,16.25
MAP,NCI,6.9,NA,4.7666666666666666
MAP,NCI,6.5,NA,4.833333333333333
MAP,NCI,7.1,NA,14.75
MAP,NCI,7.1,NA,5.333333333333333
ROS,NCI,7.0,NA,6.0
ROS,NCI,6.9,NA,3.5
MAP,NCI,6.5,NA,26.0
ROS,NCI,7.0,6.3499999999999996,4.833333333333333
MAP,NCI,6.9,NA,12.433333333333334
ROS,NCI,6.9,NA,7.666666666666667
ROS,NCI,6.6,NA,7.583333333333333
ROS,NCI,6.8,NA,6.666666666666667
ROS,NCI,5.6,NA,5.5
ROS,NCI,5.7,NA,18.666666666666668
MAP,NCI,6.4,NA,3.6166666666666667
ROS,NCI,5.5,6.7300000000000004,4.75
ROS,NCI,5.6,6.6699999999999999,6.083333333333333
ROS,NCI,6.0,NA,5.0
ROS,NCI,5.6,6.5,21.066666666666666
ROS,NCI,5.8,NA,5.75
MAP,NCI,6.0,6.7699999999999996,28.25
ROS,NCI,5.8,6.8600000000000003,5.916666666666667
ROS,NCI,5.6,NA,15.166666666666666
ROS,NCI,5.9,6.6900000000000004,3.1666666666666665
MAP,NCI,6.2,5.8099999999999996,6.916666666666667
MAP,NCI,6.0,6.4500000000000002,4.75
MAP,NCI,6.4,NA,4.333333333333333
ROS,NCI,5.0,6.0999999999999996,9.0833333333333339
ROS,NCI,5.9,6.5199999999999996,5.833333333333333
ROS,NCI,6.4,6.7000000000000002,3.4166666666666665
ROS,NCI,5.9,NA,27.0
ROS,NCI,6.4,6.5300000000000002,2.25
ROS,NCI,6.5,6.54,10.083333333333334
MAP,NCI,6.6,NA,4.833333333333333
MAP,NCI,6.8,NA,11.166666666666666
MAP,NCI,6.3,6.7300000000000004,7.2833333333333332
MAP,NCI,6.5,NA,3.6666666666666665
ROS,NCI,6.4,6.1100000000000003,5.0
MAP,NCI,5.3,NA,7.166666666666667
ROS,NCI,7.0,NA,8.5
MAP,NCI,6.8,NA,10.0
ROS,NCI,5.1,6.3099999999999996,9.75
MAP,NCI,5.2,NA,6.75
ROS,NCI,6.1,6.7000000000000002,18.216666666666665
MAP,NCI,6.0,6.5,4.5
ROS,NCI,6.5,NA,10.833333333333334
ROS,NCI,6.3,6.8300000000000001,6.25
ROS,NCI,6.9,6.3399999999999999,5.5
ROS,NCI,7.0,6.5099999999999998,2.5
ROS,NCI,6.4,NA,11.033333333333333
ROS,NCI,6.0,5.7800000000000002,2.0
MAP,NCI,5.7,6.9299999999999997,9.4166666666666661
ROS,NCI,6.5,6.4699999999999998,8.0
ROS,NCI,5.8,NA,4.083333333333333
ROS,NCI,6.9,6.6799999999999997,6.166666666666667
ROS,NCI,5.4,6.29,7.25
MAP,NCI,6.7,NA,3.8333333333333335
MAP,NCI,5.4,6.5099999999999998,5.0
MAP,NCI,5.0,NA,6.0
ROS,NCI,5.1,NA,5.083333333333333
MAP,NCI,8.2,NA,7.0
MAP,NCI,7.8,6.4400000000000004,7.833333333333333
MAP,NCI,8.2,NA,9.0
ROS,NCI,8.7,6.6699999999999999,3.5
MAP,NCI,8.1,7.2400000000000002,2.9166666666666665
ROS,NCI,7.5,6.71,5.333333333333333
MAP,NCI,7.1,NA,7.5333333333333332
ROS,NCI,7.5,NA,3.5
MAP,NCI,8.1,NA,3.3333333333333335
ROS,NCI,7.3,NA,13.75
ROS,NCI,8.1,6.46,2.1666666666666665
ROS,NCI,7.9,6.5999999999999996,5.75
ROS,NCI,8.4,NA,7.5
MAP,NCI,7.5,NA,3.9333333333333331
MAP,NCI,7.1,NA,6.583333333333333
ROS,NCI,7.4,NA,6.75
ROS,NCI,8.5,NA,2.3333333333333335
ROS,NCI,7.5,NA,4.25
ROS,NCI,8.1,6.9699999999999998,2.5833333333333335
MAP,NCI,8.2,6.9199999999999999,4.5
ROS,NCI,8.0,6.6900000000000004,7.7999999999999998
ROS,NCI,8.4,NA,16.0
ROS,NCI,8.1,NA,10.25
MAP,NCI,7.4,NA,5.4500000000000002
ROS,NCI,7.9,6.8399999999999999,1.0
MAP,NCI,7.2,6.6100000000000003,3.9166666666666665
ROS,NCI,8.1,NA,15.616666666666667
ROS,NCI,7.6,NA,5.083333333333333
ROS,NCI,7.7,NA,7.0
MAP,NCI,7.4,NA,4.75
ROS,NCI,8.0,NA,4.333333333333333
ROS,NCI,7.4,6.54,4.833333333333333
ROS,NCI,8.3,6.5,2.8333333333333335
ROS,NCI,8.452015,6.5499999999999998,3.9166666666666665
ROS,NCI,8.038661,6.7599999999999998,3.1666666666666665
MAP,NCI,8.181378,5.9699999999999998,5.75
MAP,NCI,8.386498,NA,5.583333333333333
MAP,NCI,5.2,NA,5.916666666666667
ROS,NCI,6.4,NA,3.0833333333333335
ROS,NCI,5.4,NA,5.833333333333333
MAP,NCI,5.3,NA,4.916666666666667
MAP,NCI,6.1,NA,9.0
MAP,NCI,6.4,NA,7.5666666666666664
MAP,NCI,5,NA,7.2833333333333332
MAP,NCI,5.7,NA,6.916666666666667
ROS,NCI,5.6,NA,17.75
MAP,NCI,5.1,NA,6.666666666666667
MAP,NCI,5.9,NA,6.7666666666666666
MAP,NCI,5.2,NA,10.216666666666667
MAP,NCI,7.1,NA,10.333333333333334
ROS,NCI,7.9,NA,22.25
MAP,NCI,7.4,NA,12.75
MAP,NCI,8.1,NA,5.916666666666667
MAP,NCI,7.3,NA,10.9
MAP,NCI,7.4,NA,10.283333333333333
ROS,NCI,7,NA,5.083333333333333
MAP,NCI,6.8,NA,4.5999999999999996
MAP,NCI,6.9,NA,4.5
MAP,NCI,7.1,NA,8.25
ROS,NCI,6.6,NA,12.916666666666666
ROS,NCI,6.9,NA,5.583333333333333
MAP,NCI,8.1,NA,6.083333333333333
ROS,NCI,7.4,NA,6.5
MAP,NCI,8.1,NA,5.833333333333333
MAP,MCI,7.5,NA,6.5
MAP,MCI,7.4,NA,3.5333333333333332
MAP,MCI,7.5,6.6200000000000001,10.35
MAP,MCI,7.4,6.71,6.333333333333333
ROS,MCI,7.9,6.6500000000000004,4.583333333333333
MAP,MCI,7.5,NA,13.033333333333333
MAP,MCI,7.3,NA,6.0
ROS,MCI,7.7,NA,4.5
MAP,MCI,7.7,NA,5.916666666666667
ROS,MCI,7.6,6.9400000000000004,8.6333333333333329
ROS,MCI,7.9,NA,15.4
MAP,MCI,7.7,7.0999999999999996,3.5
ROS,MCI,6.8,NA,4.0
MAP,MCI,6.7,NA,4.416666666666667
ROS,MCI,7.0,5.9100000000000001,15.733333333333333
ROS,MCI,6.6,NA,12.333333333333334
MAP,MCI,7.2,NA,5.666666666666667
MAP,MCI,6.7,NA,9.0833333333333339
MAP,MCI,7.3,NA,5.833333333333333
MAP,MCI,7.0,NA,6.916666666666667
ROS,MCI,7.3,NA,4.9833333333333334
MAP,MCI,6.9,NA,19.5
MAP,MCI,6.9,NA,7.583333333333333
MAP,MCI,6.7,NA,4.5
MAP,MCI,7.0,6.1200000000000001,6.083333333333333
MAP,MCI,7.1,6.4500000000000002,3.9166666666666665
ROS,MCI,7.1,6.7699999999999996,9.9666666666666668
MAP,MCI,7.1,NA,19.666666666666668
ROS,MCI,7.1,6.75,4.4666666666666668
ROS,MCI,6.7,6.2199999999999998,4.5
ROS,MCI,6.9,NA,3.8333333333333335
MAP,MCI,7.1,NA,21.199999999999999
ROS,MCI,7.3,NA,8.5833333333333339
ROS,MCI,7.1,NA,7.5
MAP,MCI,6.3,NA,4.083333333333333
ROS,MCI,6.2,NA,5.75
MAP,MCI,5.9,NA,5.833333333333333
MAP,MCI,6.4,6.1799999999999997,4.3666666666666663
MAP,MCI,6.3,NA,6.2333333333333334
MAP,MCI,5.9,6.0800000000000001,32.583333333333336
ROS,MCI,6.1,5.9400000000000004,5.0166666666666666
MAP,MCI,5.6,NA,8.7333333333333325
MAP,MCI,6.1,NA,8.0
MAP,MCI,5.6,7.0800000000000001,9.5
MAP,MCI,6.2,NA,7.0166666666666666
MAP,MCI,6.2,NA,6.0
ROS,MCI,6.3,6.6600000000000001,10.633333333333333
MAP,MCI,5.0,NA,13.466666666666667
MAP,MCI,5.7,NA,7.583333333333333
ROS,MCI,5.3,6.3200000000000003,9.9166666666666661
ROS,MCI,6.5,6.0,17.583333333333332
ROS,MCI,6.1,6.8099999999999996,16.716666666666665
ROS,MCI,5.5,6.4000000000000004,2.3333333333333335
MAP,MCI,5.9,6.3300000000000001,9.0333333333333332
MAP,MCI,6.0,NA,21.633333333333333
ROS,MCI,6.7,6.9100000000000001,4.5
ROS,MCI,5.4,6.7000000000000002,3.3333333333333335
MAP,MCI,5.4,NA,5.9500000000000002
MAP,MCI,6.7,NA,11.75
MAP,MCI,7.0,7.2800000000000002,5.1333333333333337
ROS,MCI,5.5,6.1200000000000001,4.833333333333333
MAP,MCI,5.2,NA,7.0
MAP,MCI,6.5,NA,6.2166666666666668
ROS,MCI,6.7,6.5899999999999999,4.0
MAP,MCI,5.8,NA,6.75
MAP,MCI,5.6,NA,3.5
MAP,MCI,6.5,NA,19.366666666666667
ROS,MCI,5.3,6.5800000000000001,3.3666666666666667
MAP,MCI,6.7,6.1299999999999999,20.666666666666668
ROS,MCI,7.0,6.0199999999999996,4.8499999999999996
ROS,MCI,6.9,6.5700000000000003,6.9666666666666668
ROS,MCI,6.3,6.0999999999999996,8.0
MAP,MCI,7.0,NA,2.9166666666666665
ROS,MCI,5.3,6.4800000000000004,3.9166666666666665
ROS,MCI,5.7,NA,13.916666666666666
ROS,MCI,6.8,NA,3.5833333333333335
ROS,MCI,6.9,NA,6.2833333333333332
MAP,MCI,5.0,6.8099999999999996,10.050000000000001
ROS,MCI,6.8,6.1799999999999997,9.9166666666666661
ROS,MCI,7.4,7.0700000000000003,3.6666666666666665
MAP,MCI,8.5,NA,4.7666666666666666
MAP,MCI,7.6,6.8099999999999996,4.0
ROS,MCI,7.2,6.6200000000000001,5.75
ROS,MCI,8.3,6.9400000000000004,16.0
MAP,MCI,8.0,6.4400000000000004,6.6500000000000004
MAP,MCI,7.9,6.54,6.583333333333333
ROS,MCI,8.0,6.8200000000000003,1.3333333333333333
ROS,MCI,7.3,6.4500000000000002,3.6666666666666665
ROS,MCI,7.5,6.5599999999999996,3.0
MAP,MCI,8.1,6.6399999999999997,3.6333333333333333
ROS,MCI,8.5,NA,1.5
ROS,MCI,8.1,6.4500000000000002,19.583333333333332
ROS,MCI,8.2,6.7400000000000002,5.0
ROS,MCI,7.5,6.6299999999999999,4.0
MAP,MCI,7.9,NA,4.0
MAP,MCI,7.8,6.3799999999999999,5.25
MAP,MCI,7.9,6.4199999999999999,8.8333333333333339
MAP,MCI,7.477977,6.4900000000000002,11.25
ROS,MCI,7.687057,6.4800000000000004,7.916666666666667
MAP,MCI,7.177578,7.0199999999999996,8.0333333333333332
MAP,MCI,7.222739,NA,6.8666666666666663
MAP,MCI,5,NA,13.75
ROS,MCI,5.7,NA,20.833333333333332
MAP,MCI,5,NA,8.75
MAP,MCI,5.8,NA,6.7999999999999998
MAP,MCI,6.1,NA,6.166666666666667
ROS,MCI,6.1,NA,4.5499999999999998
MAP,MCI,5.6,NA,5.8833333333333337
MAP,MCI,6.1,NA,6.916666666666667
MAP,MCI,5.8,NA,18.166666666666668
MAP,MCI,6.3,NA,5.416666666666667
ROS,MCI,7.4,NA,5.666666666666667
MAP,MCI,6.1,NA,4.7666666666666666
MAP,MCI,6,NA,21.75
MAP,MCI,6.3,NA,7.833333333333333
ROS,MCI,6.2,NA,7.75
MAP,MCI,5.3,NA,8.0
MAP,MCI,5.7,NA,6.666666666666667
MAP,MCI,5.6,NA,4.25
ROS,MCI,7.2,NA,7.833333333333333
MAP,MCI,6.5,NA,8.75
MAP,MCI,6.6,NA,8.2166666666666668
MAP,MCI,7.2,NA,6.25
ROS,MCI,7.4,NA,4.75
MAP,MCI,6.7,NA,8.4166666666666661
MAP,MCI,6.5,NA,8.0833333333333339
MAP,MCI,8,NA,4.583333333333333
ROS,MCI,7,NA,19.083333333333332
MAP,MCI,6.6,NA,14.5
MAP,MCI,7.5,NA,9.4166666666666661
MAP,MCI,6.8,NA,5.833333333333333
ROS,Dementia-AD,8.2,6.6500000000000004,5.0
MAP,Dementia-AD,8.0,NA,4.9666666666666668
ROS,Dementia-AD,7.4,6.7800000000000002,7.333333333333333
ROS,Dementia-AD,7.5,NA,18.5
MAP,Dementia-AD,7.8,NA,8.5999999999999996
ROS,Dementia-AD,7.0,NA,10.833333333333334
MAP,Dementia-AD,7.2,NA,7.583333333333333
ROS,Dementia-AD,7.2,NA,3.9166666666666665
MAP,Dementia-AD,6.6,NA,5.4833333333333334
MAP,Dementia-AD,6.5,6.9800000000000004,4.0
MAP,Dementia-AD,7.3,6.4199999999999999,7.166666666666667
ROS,Dementia-AD,7.2,7.0199999999999996,10.583333333333334
MAP,Dementia-AD,6.4,NA,6.083333333333333
ROS,Dementia-AD,6.3,NA,17.916666666666668
ROS,Dementia-AD,6.4,NA,3.5499999999999998
MAP,Dementia-AD,5.7,NA,9.75
MAP,Dementia-AD,5.6,NA,8.0833333333333339
ROS,Dementia-AD,5.5,NA,9.9166666666666661
MAP,Dementia-AD,5.5,NA,4.416666666666667
MAP,Dementia-AD,5.8,NA,6.5
MAP,Dementia-AD,5.4,NA,4.333333333333333
ROS,Dementia-AD,6.4,5.6900000000000004,8.0833333333333339
ROS,Dementia-AD,6.7,NA,6.0
MAP,Dementia-AD,6.9,NA,9.5
ROS,Dementia-AD,5.0,6.0,5.416666666666667
ROS,Dementia-AD,6.7,NA,18.166666666666668
ROS,Dementia-AD,6.3,NA,8.25
MAP,Dementia-AD,6.3,NA,5.0
MAP,Dementia-AD,7.4,6.9000000000000004,6.416666666666667
MAP,Dementia-AD,6.2,NA,11.5
ROS,Dementia-AD,5.9,NA,19.416666666666668
MAP,Dementia-AD,NA,NA,5.7999999999999998
